"movieTitle","ReviewVolume","PositiveReviews","NegativeReviews","TotalReviews","ReviewValence","Rank","Opening","DomesticGross","% of Total","Theaters","Average","Date","Distributor","WeeksInTheater","movieYear","maingenre","sidegenre","budget","movieId","BoxOfficeLegs","ReleaseDate","release_season","avgBuzz","log_BoxOfficeLegs","log_ReviewVolume"
"2012",124,52,72,124,0.419354838709677,162,65237614,166112167,39.3,3404,19164,"Nov 13, 2009","Sony Pictures Releasing",6.4,2009,"Adventure","Science Fiction",2e+08,"843f9ea8-c0ff-3271-8f50-2d23e88623ae",2.54626367849689,2009-11-13,"Autumn",25.3333333333333,1.26589456430568,4.8283137373023
"22 Jump Street",71,59,12,71,0.830985915492958,195,57071445,191719337,29.8,3.306,17262,"Jun 13, 2014","Sony Pictures Releasing",6.7,2014,"Comedy","Contemporary Fiction",5e+07,"c594a1e8-3749-370f-a4ca-9b0f1614cf83",3.35928653987997,2014-06-13,"Summer",29.953488372093,1.47230840632863,4.27666611901606
"300",100,61,39,100,0.61,133,70885301,210614939,33.7,3103,22844,"Mar 9, 2007","Warner Bros.",6.8,2007,"Action","Historical Fiction",6e+07,"9b5ed19d-d58e-353a-b773-7c9bd87949b3",2.97120751451701,2007-03-09,"Spring",29.9166666666667,1.37907020827984,4.61512051684126
"300: Rise of an Empire",75,31,44,75,0.413333333333333,287,45038460,106580051,42.3,3.47,12979,"Mar 7, 2014","Warner Bros.",4.6,2014,"Action","Historical Fiction",1.1e+08,"2cb14b3b-b0c5-3e21-b413-e7218d39355e",2.36642307485647,2014-03-07,"Spring",25.2222222222222,1.2138507785584,4.33073334028633
"A Quiet Place",138,129,9,138,0.934782608695652,250,50203562,188024361,26.7,3.508,14311,"Apr 6, 2018","Paramount Pictures",7.5,2018,"Horror","Science Fiction",1.7e+07,"221fa839-d26f-3339-a64a-9eaf6b39674c",3.74523945133614,2018-04-06,"Spring",31.0555555555556,1.55714189471616,4.93447393313069
"A Quiet Place Part II",183,167,16,183,0.912568306010929,268,47547231,160072261,29.7,3.726,12760,"May 28, 2021","Paramount Pictures",7.7,2021,"Horror","Science Fiction",6.1e+07,"7acb1149-a528-3e17-944b-add929a4c5b1",3.36659480759248,2021-05-28,"Spring",28.75,1.47398348512706,5.21493575760899
"A Star Is Born",242,211,31,242,0.871900826446281,306,42908051,215288866,19.9,3.686,11640,"Oct 5, 2018","Warner Bros.",9.4,2018,"Drama","Contemporary Fiction",3.6e+07,"a63be955-1d47-381f-b32b-04c2d32e44e1",5.01744686562436,2018-10-05,"Autumn",38.0833333333333,1.79466306066093,5.49306144334055
"Aladdin",175,95,80,175,0.542857142857143,87,91500929,355559216,25.7,4476,20442,"May 24, 2019","Walt Disney Studios Motion Pictures",8,2019,"Adventure","Fantasy",1.82e+08,"f26f39dc-a8ac-38ae-b51e-b30f59a677fe",3.88585361794523,2019-05-24,"Spring",33.1666666666667,1.58634401289949,5.17048399503815
"Alice in Wonderland",135,62,73,135,0.459259259259259,57,116101023,334191110,34.7,3728,31142,"Mar 5, 2010","Walt Disney Studios Motion Pictures",7.2,2010,"Adventure","Fantasy",2e+08,"7d3aec31-0e03-3122-ba80-c96e1d960729",2.87845103655977,2010-03-05,"Spring",26.0833333333333,1.35543585654521,4.91265488573605
"Alvin and the Chipmunks: The Squeakquel",50,8,42,50,0.16,259,48875415,219614612,22.3,3.7,13209,"Dec 23, 2009","Twentieth Century Fox",7.2,2009,"Adventure","Kids Fiction",7e+07,"373a578f-9fd6-35cf-91c0-85a6167b0a91",4.49335544260852,2009-12-23,"Winter",46.3055555555556,1.70353926055181,3.93182563272433
"Angels & Demons",141,48,93,141,0.340425531914894,278,46204168,133375846,34.6,3.527,13100,"May 15, 2009","Sony Pictures Releasing",5.8,2009,"Thriller","Contemporary Fiction",1.5e+08,"4e50d501-05c6-3f91-a80a-4ced31f6153d",2.8866626491359,2009-05-15,"Spring",26.2777777777778,1.35755085858369,4.95582705760126
"Ant-Man",212,180,32,212,0.849056603773585,194,57225526,180202163,31.8,3.856,14840,"Jul 17, 2015","Walt Disney Studios Motion Pictures",6.7,2015,"Action","Super Hero",1.3e+08,"a0d8e1e3-2f44-3ceb-9576-fe587dac6a24",3.14898220420027,2015-07-17,"Summer",25.75,1.42286305216348,5.36129216570943
"Ant-Man and The Wasp",137,120,17,137,0.875912408759124,119,75812205,216648740,0.35,4206,18024,"Jul 6, 2018","Walt Disney Studios Motion Pictures",5.9,2018,"Action","Super Hero",1.3e+08,"41ccc283-198e-3d38-bd20-dc6634bf300a",2.8577026614646,2018-07-06,"Summer",27.6666666666667,1.35007184087182,4.9272536851572
"Ant-Man and The Wasp: Quantumania",148,68,80,148,0.45945945945946,65,106109650,214504909,49.5,4345,24421,"Feb 17, 2023","Walt Disney Studios Motion Pictures",5.2,2023,"Action","Super Hero",2e+08,"431505cc-700e-4f8c-911a-2f3fcb2ac5a3",2.02154006727946,2023-02-17,"Winter",21.3611111111111,1.10576665745618,5.00394630594546
"Aquaman",155,95,60,155,0.612903225806452,150,67873522,335061807,20.3,4125,16454,"Dec 21, 2018","Warner Bros.",7.5,2018,"Action","Super Hero",1.6e+08,"a5235f6a-68cb-3d9c-ac34-711bc90d6f8f",4.93656137366792,2018-12-21,"Winter",45.8611111111111,1.78113007242922,5.04985600724954
"Avatar",121,100,21,121,0.826446280991736,117,77025481,749766139,10.3,3452,22313,"Dec 18, 2009","Twentieth Century Fox",14.8,2009,"Action","Science Fiction",2.37e+08,"f7970b0e-0f4c-391b-a841-1bf29e368b3e",9.73400138844962,2009-12-18,"Winter",46.9166666666667,2.37341640310526,4.80402104473326
"Avatar: The Way of Water",207,149,58,207,0.719806763285024,39,134100226,684075767,19.6,4202,31913,"Dec 16, 2022","20th Century Studios",11.1,2022,"Action","Science Fiction",4e+08,"6fbed893-5b71-3dc2-b35d-68ee630f6828",5.10122754752106,2022-12-16,"Winter",38.5,1.80848998823229,5.33753807970132
"Avengers: Age of Ultron",72,53,19,72,0.736111111111111,10,191271109,459005868,41.7,4276,44731,"May 1, 2015","Walt Disney Studios Motion Pictures",7,2015,"Action","Super Hero",3.65e+08,"a0c4ef79-5e4c-399c-98c7-bdab95639511",2.39976581094639,2015-05-01,"Spring",23.0833333333333,1.22370655011642,4.29045944114839
"Avengers: Endgame",199,185,14,199,0.92964824120603,1,357115007,858373000,41.6,4662,76601,"Apr 26, 2019","Walt Disney Studios Motion Pictures",8.1,2019,"Action","Super Hero",4e+08,"7b2bcd9a-359f-3ffd-bbbd-abe9e5ce3f9e",2.40363183617204,2019-04-26,"Spring",24.7894736842105,1.22484304862564,5.29831736654804
"Avengers: Infinity War",141,110,31,141,0.780141843971631,3,257698183,678815482,0.38,4474,57599,"Apr 27, 2018","Walt Disney Studios Motion Pictures",7.7,2018,"Action","Super Hero",3e+08,"8ef022ef-f88a-33c8-8f6e-ab87f5039eea",2.63414927531716,2018-04-27,"Spring",26.75,1.29037504654286,4.95582705760126
"Bad Boys for Life",140,109,31,140,0.778571428571429,171,62504105,206305244,30.3,3.775,16557,"Jan 17, 2020","Sony Pictures Releasing",7.2,2020,"Action","Contemporary Fiction",9e+07,"262a9c51-54fb-3a7b-ba38-c8d8042ada8b",3.30066711618381,2020-01-17,"Winter",28.6388888888889,1.4587701539646,4.94875989037817
"Barbie",258,225,33,258,0.872093023255814,20,162022044,636238421,25.5,4243,38185,"Jul 21, 2023","Warner Bros.",9.5,2023,"Comedy","Contemporary Fiction",1.45e+08,"317d7155-533b-396f-8c1c-34a22e2e8ef9",3.92686331620406,2023-07-21,"Summer",31.0277777777778,1.5947025413877,5.55682806169954
"Batman Begins",135,114,21,135,0.844444444444444,261,48745440,205343774,23.7,3.858,12634,"Jun 15, 2005","Warner Bros.",6.8,2005,"Action","Super Hero",1.5e+08,"f03e65c8-70e8-34e2-bd3f-1a2efd916f3a",4.21257401717986,2005-06-15,"Summer",36.0277777777778,1.65107378696268,4.91265488573605
"Batman v Superman: Dawn of Justice",123,30,93,123,0.24390243902439,19,166007347,330360194,50.2,4242,39134,"Mar 25, 2016","Warner Bros.",5.9,2016,"Action","Super Hero",2.63e+08,"f93fd0e2-42cf-3425-86a4-96090ed8ec13",1.99003357363455,2016-03-25,"Spring",21.8333333333333,1.09528461597987,4.82028156560504
"Beauty and the Beast",242,178,64,242,0.735537190082645,16,174750616,504014165,34.7,421,41508,"Mar 17, 2017","Walt Disney Studios Motion Pictures",8.5,2017,"Musical","Fantasy",1.6e+08,"34f61aeb-e296-3b46-9831-b0ce0c5bcfec",2.88419106345239,2017-03-17,"Spring",27.9166666666667,1.35691474166314,5.49306144334055
"Big Hero 6",86,78,8,86,0.906976744186046,203,56215889,222527828,25.3,3.761,14947,"Nov 7, 2014","Walt Disney Studios Motion Pictures",8.7,2014,"Adventure","Super Hero",1.65e+08,"b923270d-59e5-3def-b2ea-dcf1ee2f0698",3.95845075046309,2014-11-07,"Autumn",29.5277777777778,1.60109334324886,4.46590811865458
"Black Adam",152,51,101,152,0.335526315789474,154,67004323,168152111,39.8,4402,15221,"Oct 21, 2022","Warner Bros.",6.5,2022,"Action","Super Hero",2e+08,"09a12550-c5fe-4b73-98fd-706cb694c324",2.50957107648114,2022-10-21,"Autumn",27.5,1.25549382957797,5.03043792139244
"Black Panther",150,140,10,150,0.933333333333333,8,202003951,700059566,28.9,402,50249,"Feb 16, 2018","Walt Disney Studios Motion Pictures",9.9,2018,"Action","Super Hero",2e+08,"e1374d4d-19b0-31b2-a6cc-c4189f2b27ca",3.46557363128011,2018-02-16,"Winter",28.5277777777778,1.49639767892762,5.01727983681492
"Black Panther: Wakanda Forever",212,176,36,212,0.830188679245283,13,181339761,453829060,0.4,4396,41251,"Nov 11, 2022","Walt Disney Studios Motion Pictures",8.3,2022,"Action","Super Hero",2.5e+08,"618ab0ee-b32e-36d1-a1ea-6e608003cdf2",2.50264507627756,2022-11-11,"Autumn",24.3055555555556,1.25351841914996,5.36129216570943
"Black Widow",179,140,39,179,0.782122905027933,108,80366312,183651655,43.8,416,19318,"Jul 9, 2021","Walt Disney Studios Motion Pictures",6,2021,"Action","Super Hero",2e+08,"9d36e70e-2ede-34a5-9f2e-8eae12cf7731",2.28518206733189,2021-07-09,"Summer",21.0555555555556,1.18942207424605,5.19295685089021
"Bohemian Rhapsody",167,105,62,167,0.62874251497006,241,51061119,216428042,23.6,4,12765,"Nov 2, 2018","Twentieth Century Fox",8.8,2018,"Drama","Dramatization",5.5e+07,"529ce476-182d-3a9f-b51b-3b98445f83bc",4.23860750094411,2018-11-02,"Autumn",44.4444444444444,1.6560557189221,5.12396397940326
"Brave",90,76,14,90,0.844444444444444,156,66323594,237283207,0.28,4164,15927,"Jun 22, 2012","Walt Disney Studios Motion Pictures",7.3,2012,"Adventure","Kids Fiction",1.85e+08,"df472820-9e50-3aa3-9edb-878a74fa26c0",3.57765906051472,2012-06-22,"Summer",32.9722222222222,1.52118774530028,4.51085950651685
"Captain America: Civil War",76,65,11,76,0.855263157894737,14,179139142,408084349,43.9,4226,42389,"May 6, 2016","Walt Disney Studios Motion Pictures",6,2016,"Action","Super Hero",2.5e+08,"e6eb9e3e-4a72-33a7-b44e-1f8cadf1dd8f",2.27803005219261,2016-05-06,"Spring",24.7222222222222,1.18724264812361,4.34380542185368
"Captain America: The First Avenger",125,104,21,125,0.832,163,65058524,176654505,36.8,3715,17512,"Jul 22, 2011","Paramount Pictures",5.7,2011,"Action","Super Hero",1.4e+08,"b4b3abfc-eb38-33d1-ba76-e1e3ea823f1a",2.7153168276612,2011-07-22,"Summer",25.6388888888889,1.3124639578876,4.83628190695148
"Captain America: The Winter Soldier",84,77,7,84,0.916666666666667,80,95023721,259766572,36.6,3938,24129,"Apr 4, 2014","Walt Disney Studios Motion Pictures",7,2014,"Action","Super Hero",1.7e+08,"caf7974e-b836-3c04-95ab-3e77e3826a19",2.73370237732534,2014-04-04,"Spring",26.2777777777778,1.31740033581678,4.44265125649032
"Captain Marvel",214,159,55,214,0.742990654205608,25,153433423,426829839,0.36,431,35599,"Mar 8, 2019","Walt Disney Studios Motion Pictures",7.9,2019,"Action","Super Hero",1.75e+08,"bfd2fd97-a33c-3aad-8684-772d88959b5a",2.78185698170861,2019-03-08,"Spring",23.0277777777778,1.33021515400263,5.37063802812766
"Cars",102,78,24,102,0.764705882352941,183,60119509,244082982,24.6,3.985,15086,"Jun 9, 2006","Walt Disney Studios Motion Pictures",7.7,2006,"Adventure","Kids Fiction",7e+07,"36d1101e-542a-33a8-a5d7-dbf4f0fa70d9",4.05996299803447,2006-06-09,"Summer",44.6944444444444,1.62135917063123,4.63472898822964
"Cars 2",107,38,69,107,0.355140186915888,157,66135507,191452396,34.5,4115,16071,"Jun 24, 2011","Walt Disney Studios Motion Pictures",6.3,2011,"Adventure","Kids Fiction",2e+08,"aa71e4b2-3771-3534-8320-4422ef974940",2.89485035625417,2011-06-24,"Summer",32.2777777777778,1.35965525913773,4.68213122712422
"Cars 3",90,64,26,90,0.711111111111111,229,53688680,152901115,35.1,4.256,12614,"Jun 16, 2017","Walt Disney Studios Motion Pictures",5.7,2017,"Adventure","Kids Fiction",1.75e+08,"aad99a7c-6539-37a4-922c-4734cf84ef4f",2.84792092113272,2017-06-16,"Summer",29.9444444444444,1.34753298195111,4.51085950651685
"Charlie and the Chocolate Factory",123,100,23,123,0.813008130081301,204,56178450,206459076,27.2,3.77,14901,"Jul 15, 2005","Warner Bros.",7.7,2005,"Adventure","Kids Fiction",1.5e+08,"a23fa525-61d4-39cf-949f-d67bf0647574",3.67505824742406,2005-07-15,"Summer",31.0555555555556,1.54224162200508,4.82028156560504
"Cinderella",97,85,12,97,0.876288659793814,149,67877361,201151353,33.7,3845,17653,"Mar 13, 2015","Walt Disney Studios Motion Pictures",7.3,2015,"Drama","Fantasy",9.5e+07,"05b4fb41-30fe-3ad8-a320-248dde3dae2b",2.96345276299118,2015-03-13,"Spring",26.25,1.37711555522006,4.58496747867057
"Clash of the Titans",125,32,93,125,0.256,176,61235105,163214888,37.5,3.777,16212,"Apr 2, 2010","Warner Bros.",6,2010,"Action","Fantasy",1.25e+08,"6c5cfe44-54a9-39c3-9462-5e11a6f1d958",2.66538104245922,2010-04-02,"Spring",26.5833333333333,1.29893229786317,4.83628190695148
"Coco",139,136,3,139,0.97841726618705,244,50802605,210460015,24.1,3.987,12742,"Nov 22, 2017","Walt Disney Studios Motion Pictures",7.7,2017,"Musical","Kids Fiction",1.75e+08,"e409e2f7-0f17-333f-bb91-04fb5f69cbd0",4.14270124533968,2017-11-22,"Autumn",42.3333333333333,1.63757847553516,4.9416424226093
"Creed III",162,147,15,162,0.907407407407407,190,58370007,156248615,37.4,4.007,14567,"Mar 3, 2023","United Artists Releasing",5.5,2023,"Drama","Contemporary Fiction",7.5e+07,"daf1e5ee-6493-31a2-8e3e-691859c004e6",2.67686476378185,2023-03-03,"Spring",28.4444444444444,1.30206042268761,5.09375020080676
"Dawn of the Planet of the Apes",111,99,12,111,0.891891891891892,127,72611427,208545589,34.8,3967,18303,"Jul 11, 2014","Twentieth Century Fox",5.5,2014,"Adventure","Science Fiction",1.7e+08,"333e80e0-9a43-3257-9c5d-48aee0fa1568",2.87207671872362,2014-07-11,"Summer",26.5277777777778,1.35379098293799,4.71849887129509
"Deadpool",121,103,18,121,0.851239669421488,42,132434639,363070709,36.5,3558,37221,"Feb 12, 2016","Twentieth Century Fox",7.7,2016,"Action","Super Hero",5.8e+07,"d786d56f-0745-3f2a-96c1-edf7a3711571",2.7415086546957,2016-02-12,"Winter",26.5,1.31948891369762,4.80402104473326
"Deadpool 2",125,100,25,125,0.8,46,125507153,318491426,39.4,4349,28858,"May 18, 2018","Twentieth Century Fox",7.1,2018,"Action","Super Hero",1.1e+08,"71e176b9-ce85-309f-b2f9-b9d18b60fce6",2.53763565173054,2018-05-18,"Spring",26.6944444444444,1.26345860901309,4.83628190695148
"Despicable Me",89,71,18,89,0.797752808988764,199,56397125,251639815,22.4,3.476,16224,"Jul 9, 2010","Universal Pictures",9.3,2010,"Adventure","Kids Fiction",6.9e+07,"ddf0452e-871d-3ac4-91e4-787b07ec047b",4.46192629500174,2010-07-09,"Summer",30.75,1.69780152881944,4.49980967033027
"Despicable Me 2",69,53,16,69,0.768115942028985,104,83517315,368065385,22.7,3997,20895,"Jul 3, 2013","Universal Pictures",8.4,2013,"Adventure","Kids Fiction",7.6e+07,"862c7c4f-7634-3b9e-a143-2458d9473082",4.407054812526,2013-07-03,"Summer",36.7222222222222,1.68770454767528,4.24849524204936
"Despicable Me 3",76,43,33,76,0.56578947368421,128,72434025,264624300,27.4,4529,15993,"Jun 30, 2017","Universal Pictures",7.8,2017,"Adventure","Kids Fiction",7.5e+07,"b2464f68-7f89-3fb0-8fd1-0d0183eb235d",3.65331486135142,2017-06-30,"Summer",37.4444444444444,1.53757983903462,4.34380542185368
"Divergent",108,46,62,108,0.425925925925926,221,54607747,150947895,36.2,3.936,13873,"Mar 21, 2014","Lionsgate",6.5,2014,"Adventure","Science Fiction",8.5e+07,"03c7b3b4-45c5-3e03-b66e-dd8fc7375144",2.76422125600604,2014-03-21,"Spring",31.1388888888889,1.32554100214379,4.69134788222914
"Doctor Strange",94,83,11,94,0.882978723404255,99,85058311,232641920,36.6,3882,21910,"Nov 4, 2016","Walt Disney Studios Motion Pictures",6.3,2016,"Action","Super Hero",1.65e+08,"94c0f3b6-6002-30d6-bdf1-bc878f7e6168",2.73508746252909,2016-11-04,"Autumn",39.3055555555556,1.31777123531973,4.55387689160054
"Doctor Strange in the Multiverse of Madness",206,145,61,206,0.703883495145631,11,187420998,411331607,45.6,4534,41336,"May 6, 2022","Walt Disney Studios Motion Pictures",6.6,2022,"Action","Super Hero",2e+08,"783507b9-197a-3216-a5b3-99a00eb48cfa",2.19469329151689,2022-05-06,"Spring",24.25,1.16149108682621,5.33271879326537
"Dr. Seuss' Horton Hears a Who!",74,57,17,74,0.77027027027027,288,45012998,154529439,29.1,3.954,11384,"Mar 14, 2008","Twentieth Century Fox",7.3,2008,"Adventure","Fantasy",8.5e+07,"bb2a4936-3c52-3580-92ca-19e32d11f6dc",3.43299593153071,2008-03-14,"Spring",26.5833333333333,1.48907563799365,4.31748811353631
"Dr. Seuss' The Grinch",102,59,43,102,0.57843137254902,151,67572855,271740675,24.9,4141,16318,"Nov 9, 2018","Universal Pictures",7.7,2018,"Adventure","Kids Fiction",7.5e+07,"072ab61f-b943-496a-8caa-682d86031464",4.02144729566333,2018-11-09,"Autumn",43.1944444444444,1.6137181980605,4.63472898822964
"Dr. Seuss' the Lorax",71,37,34,71,0.52112676056338,138,70217070,214151550,32.8,3729,18830,"Mar 2, 2012","Universal Pictures",7.8,2012,"Adventure","Kids Fiction",67500000,"d25313bc-88ed-3160-9265-cc585936c46a",3.04985027145109,2012-03-02,"Spring",27.6111111111111,1.39867991042296,4.27666611901606
"Dumbo",150,59,91,150,0.393333333333333,283,45990748,114766307,40.1,4.259,10798,"Mar 29, 2019","Walt Disney Studios Motion Pictures",5.2,2019,"Adventure","Kids Fiction",1.7e+08,"c608a0ab-c784-4b39-9879-429d07c04b6c",2.49542162262723,2019-03-29,"Spring",27.9166666666667,1.25145400435469,5.01727983681492
"Dune",202,163,39,202,0.806930693069307,325,41011174,108327830,37.9,4125,9942,"Oct 22, 2021","Warner Bros.",6.4,2021,"Action","Science Fiction",1.65e+08,"f7c22bab-5d5e-3b2e-a8a6-bd138df977ee",2.64142231090483,2021-10-22,"Autumn",22.9166666666667,1.29237435008187,5.31320597904179
"Dune: Part Two",190,171,19,190,0.9,105,82505391,282144358,29.2,4071,20266,"Mar 1, 2024","Warner Bros.",6.9,2024,"Action","Science Fiction",1.9e+08,"cecd223d-a20d-3268-bbef-9a4c847c673d",3.41970814973775,2024-03-01,"Spring",33.8611111111111,1.48607366443847,5.25227342804663
"Dunkirk",178,162,16,178,0.910112359550562,247,50513488,188045546,26.9,3.72,13578,"Jul 21, 2017","Warner Bros.",7.4,2017,"Action","Dramatization",1.5e+08,"31ab6658-4bad-3bbd-b08a-7e572ce19dd5",3.72267989096298,2017-07-21,"Summer",33.1111111111111,1.55237641198418,5.18738580584075
"Eternals",144,63,81,144,0.4375,130,71297219,164870234,43.2,409,17432,"Nov 5, 2021","Walt Disney Studios Motion Pictures",6,2021,"Action","Super Hero",2e+08,"2289d276-2f05-3965-a4d3-c2377c2fb0d6",2.31243569261797,2021-11-05,"Autumn",25.8055555555556,1.1976837775746,4.97673374242057
"F9 The Fast Saga",150,82,68,150,0.546666666666667,140,70043165,173005945,40.5,4179,16760,"Jun 25, 2021","Universal Pictures",6.2,2021,"Action","Contemporary Fiction",2e+08,"6490d427-6414-39aa-9cf6-cbe57102f87a",2.46999039806382,2021-06-25,"Summer",28.9444444444444,1.24415182682636,5.01727983681492
"Fantastic Beasts and Where to Find Them",113,78,35,113,0.690265486725664,123,74403387,234037575,31.8,4144,17954,"Nov 18, 2016","Warner Bros.",6.4,2016,"Adventure","Fantasy",1.8e+08,"44532950-8ea1-33d2-a127-bd2094ab0072",3.14552313324123,2016-11-18,"Autumn",49.0277777777778,1.42202898888452,4.7361984483945
"Fantastic Beasts: The Crimes of Grindelwald",138,39,99,138,0.282608695652174,173,62163104,159555901,0.4,4.163,14932,"Nov 16, 2018","Warner Bros.",5.1,2018,"Adventure","Fantasy",2e+08,"249aaa65-13d9-3a68-a3ce-a129a3ae82e6",2.56672995286722,2018-11-16,"Autumn",29.9722222222222,1.27164919643688,4.93447393313069
"Fantastic Beasts: The Secrets of Dumbledore",75,29,46,75,0.386666666666667,309,42151256,95850844,0.4,4.208,10016,"Apr 15, 2022","Warner Bros.",5.1,2022,"Adventure","Fantasy",2e+08,"192c76f9-28ff-3c13-b98e-8016de72cf71",2.27397361540069,2022-04-15,"Spring",27.9444444444444,1.18600442008956,4.33073334028633
"Fantastic Four",124,38,86,124,0.306451612903226,205,56061504,154696080,36.2,3.602,15563,"Jul 8, 2005","Twentieth Century Fox",5.9,2005,"Action","Super Hero",87500000,"61bf45ac-4678-3d4e-96a8-45d3dbab2b9e",2.75939939106878,2005-07-08,"Summer",29.9166666666667,1.32425920822471,4.8283137373023
"Fantastic Four: Rise of the Silver Surfer",105,45,60,105,0.428571428571429,191,58051684,131921738,0.4,3.959,14663,"Jun 15, 2007","Twentieth Century Fox",4.5,2007,"Action","Super Hero",1.2e+08,"9fcbdc54-f99b-3f6f-b36c-8471a039e455",2.27248770251006,2007-06-15,"Summer",23.1666666666667,1.18555046096753,4.66343909411207
"Fast & Furious",99,33,66,99,0.333333333333333,132,70950500,155064265,45.8,3461,20500,"Apr 3, 2009","Universal Pictures",5.6,2009,"Action","Contemporary Fiction",8.5e+07,"cd4cf73e-99f9-3b35-830e-be001d1806d5",2.18552744519066,2009-04-03,"Spring",27,1.15861787819909,4.60517018598809
"Fast & Furious 6",80,50,30,80,0.625,77,97375245,238679850,40.8,3658,26619,"May 24, 2013","Universal Pictures",5.5,2013,"Action","Contemporary Fiction",1.6e+08,"daaf3a30-c81b-36f8-b606-b1fa4e06ad32",2.45113478276743,2013-05-24,"Spring",26.6388888888889,1.23870309950139,4.39444915467244
"Fast & Furious Presents: Hobbs & Shaw",169,105,64,169,0.621301775147929,184,60038950,173956935,34.5,4.253,14116,"Aug 2, 2019","Universal Pictures",6.2,2019,"Action","Contemporary Fiction",2e+08,"898439d3-d4fc-3a8e-a265-cb6ebe4e9c5f",2.89740135362127,2019-08-02,"Summer",31.2222222222222,1.36031001146176,5.13579843705026
"Fast Five",83,66,17,83,0.795180722891566,95,86198765,209837675,41.1,3644,23654,"Apr 29, 2011","Universal Pictures",6.2,2011,"Action","Contemporary Fiction",1.25e+08,"11908db6-b627-38a4-8bc8-285b3f635197",2.43434665218231,2011-04-29,"Spring",23.5277777777778,1.23382670443415,4.43081679884331
"Fast X",129,75,54,129,0.581395348837209,153,67017410,146126015,45.9,4046,16563,"May 19, 2023","Universal Pictures",4.3,2023,"Action","Contemporary Fiction",3.4e+08,"00b20d93-6265-3079-a0da-de975d7ff0b1",2.18041871507717,2023-05-19,"Spring",29.25,1.15701285953208,4.86753445045558
"Fifty Shades Darker",89,8,81,89,0.0898876404494382,276,46607250,114581250,40.7,3.71,12562,"Feb 10, 2017","Universal Pictures",4.1,2017,"Drama","Contemporary Fiction",5.5e+07,"55d600e5-47ee-3df1-95d2-a3d316daab10",2.45844262426983,2017-02-10,"Winter",26.5555555555556,1.24081837914782,4.49980967033027
"Fifty Shades of Grey",99,20,79,99,0.202020202020202,98,85171450,166167230,51.3,3646,23360,"Feb 13, 2015","Universal Pictures",5,2015,"Drama","Contemporary Fiction",4e+07,"7fbd15c8-cc53-3803-ad0e-7b06a83a7ad0",1.95097336020462,2015-02-13,"Winter",27.8888888888889,1.08213506854107,4.60517018598809
"Finding Dory",240,222,18,240,0.925,38,135060273,486295561,27.8,4305,31372,"Jun 17, 2016","Walt Disney Studios Motion Pictures",7.6,2016,"Adventure","Kids Fiction",2e+08,"f5859e9a-bd84-374d-99a6-e9fdb1c5378c",3.60058180098599,2016-06-17,"Summer",28.0277777777778,1.52618277397254,5.48479693349065
"Five Nights at Freddy's",135,44,91,135,0.325925925925926,111,80001720,137275620,58.3,3675,21769,"Oct 27, 2023","Universal Pictures",4.4,2023,"Horror","Contemporary Fiction",2e+07,"280fc921-c63a-338b-bed5-136e92aa72f8",1.7159083579703,2023-10-27,"Autumn",22.8611111111111,0.999126467584593,4.91265488573605
"Friday the 13th",94,24,70,94,0.25531914893617,327,40570365,65002019,62.4,3105,13066,"Feb 13, 2009","Warner Bros.",3.9,2009,"Horror","Fantasy",1.7e+07,"9082edb4-4e1e-3584-a75b-1b50f9d0c1ea",1.60220444159179,2009-02-13,"Winter",18.1388888888889,0.956358947946049,4.55387689160054
"Frozen II",159,123,36,159,0.773584905660377,43,130263358,477373578,27.3,444,29338,"Nov 22, 2019","Walt Disney Studios Motion Pictures",8.6,2019,"Musical","Kids Fiction",1.5e+08,"2668991b-1aaf-3492-884d-741163f32004",3.66468042379193,2019-11-22,"Autumn",32.5555555555556,1.54001932687061,5.07517381523383
"Furious 7",88,72,16,88,0.818181818181818,29,147187040,353007020,41.7,4004,36760,"Apr 3, 2015","Universal Pictures",6.9,2015,"Action","Contemporary Fiction",1.9e+08,"bd5d85e4-2ec5-3a26-bc32-f3129e85bd1b",2.39835667596821,2015-04-03,"Spring",25.5555555555556,1.22329198418265,4.48863636973214
"G.I. Joe: Retaliation",88,17,71,88,0.193181818181818,329,40501814,122523060,33.1,3719,10890,"Mar 28, 2013","Paramount Pictures",5.7,2013,"Action","Contemporary Fiction",1.4e+08,"519910f8-4903-3f91-947d-4529d5b78160",3.02512524500754,2013-03-28,"Spring",27.3888888888889,1.39255602715847,4.48863636973214
"G.I. Joe: The Rise of Cobra",115,35,80,115,0.304347826086957,219,54713046,150201498,36.4,4.007,13654,"Aug 7, 2009","Paramount Pictures",6.2,2009,"Action","Contemporary Fiction",1.75e+08,"9fd0c667-6e2d-3287-949f-08923ee813ca",2.74525929336853,2009-08-07,"Summer",25.1111111111111,1.32049085178696,4.75359019110636
"Ghost Rider",99,23,76,99,0.232323232323232,286,45388836,115802596,39.2,3.619,12541,"Feb 16, 2007","Sony Pictures Releasing",5.7,2007,"Action","Super Hero",1.2e+08,"ab2571b9-d89a-3093-9784-6f30757d3ff6",2.55134535725922,2007-02-16,"Winter",28.4166666666667,1.2673265055707,4.60517018598809
"Ghostbusters",113,78,35,113,0.690265486725664,281,46018755,128350574,35.8,3.963,11612,"Jul 15, 2016","Sony Pictures Releasing",4.7,2016,"Comedy","Science Fiction",1.44e+08,"99e8dc01-67dc-34ad-be96-2e192b483aed",2.78909270796222,2016-07-15,"Summer",32,1.33212659939673,4.7361984483945
"Ghostbusters: Afterlife",140,89,51,140,0.635714285714286,300,44008406,129360575,0.3,4.315,10198,"Nov 19, 2021","Sony Pictures Releasing",6.9,2021,"Comedy","Science Fiction",7.5e+07,"4267e27d-ef4d-39cd-ac51-85725639f997",2.93945149933401,2021-11-19,"Autumn",26.1111111111111,1.37104150025176,4.94875989037817
"Ghostbusters: Frozen Empire",132,54,78,132,0.409090909090909,289,45004673,113376590,39.7,4.345,10357,"Mar 22, 2024","Sony Pictures Releasing",6.1,2024,"Comedy","Science Fiction",1e+08,"f0bbe54c-35ce-342f-847d-5228c0360b9b",2.51921817096638,2024-03-22,"Spring",24.9166666666667,1.2582388544189,4.89034912822175
"Glass",171,66,105,171,0.385964912280702,332,40328920,111048468,36.3,3841,10499,"Jan 18, 2019","Universal Pictures",5.3,2019,"Thriller","Contemporary Fiction",2e+07,"631cf313-adea-3571-9319-b256b99f38b1",2.75356910128017,2019-01-18,"Winter",30.0277777777778,1.322707147687,5.14749447681345
"Godzilla",99,70,29,99,0.707070707070707,84,93188384,200676069,46.4,3952,23580,"May 16, 2014","Warner Bros.",5.2,2014,"Action","Science Fiction",1.6e+08,"febfd90c-90e7-31c8-b12e-33170b6bebd7",2.15344510105465,2014-05-16,"Spring",21.3055555555556,1.14849553807663,4.60517018598809
"Godzilla x Kong: The New Empire",117,60,57,117,0.512820512820513,110,80006561,196350016,40.8,3861,20721,"Mar 29, 2024","Warner Bros.",6.8,2024,"Action","Science Fiction",1.35e+08,"9a140a0e-f653-3714-a7cb-6b0a9614d020",2.45417392706081,2024-03-29,"Spring",26.75,1.23958333371461,4.77068462446567
"Godzilla: King of the Monsters",171,69,102,171,0.403508771929825,264,47776293,110500138,43.2,4.108,11630,"May 31, 2019","Warner Bros.",4.2,2019,"Action","Science Fiction",1.7e+08,"1ea77d0a-a98c-31c4-9717-fe4b2f2b59cb",2.31286546237482,2019-05-31,"Spring",28.5833333333333,1.19781351349072,5.14749447681345
"Gravity",121,116,5,121,0.958677685950413,206,55785112,274092705,20.4,3.575,15604,"Oct 4, 2013","Warner Bros.",9.2,2013,"Thriller","Contemporary Fiction",1.1e+08,"0ac76d77-1f07-3a1d-b784-14d416ba3d34",4.91336658067479,2013-10-04,"Autumn",30.75,1.77721531063407,4.80402104473326
"Green Lantern",98,29,69,98,0.295918367346939,231,53174303,116601172,45.6,3.816,13934,"Jun 17, 2011","Warner Bros.",4.1,2011,"Action","Super Hero",2e+08,"bc41fc5d-3cd6-3c5f-b736-25778a8e73aa",2.19281053857913,2011-06-17,"Summer",24.6666666666667,1.16090157547957,4.59511985013459
"Grown Ups",74,9,65,74,0.121621621621622,328,40506562,162001186,25,3534,11461,"Jun 25, 2010","Sony Pictures Releasing",6.8,2010,"Comedy","Contemporary Fiction",7.5e+07,"10af6da5-8668-3653-a939-6ad2979a79c9",3.99938128543222,2010-06-25,"Summer",34.1388888888889,1.60931416186376,4.31748811353631
"Grown Ups 2",41,3,38,41,0.0731707317073171,318,41508572,133668525,31,3491,11890,"Jul 12, 2013","Sony Pictures Releasing",5.8,2013,"Comedy","Contemporary Fiction",8e+07,"41843fd4-8f36-3338-8c8a-3296d05d2fcf",3.22026315431906,2013-07-12,"Summer",31.3055555555556,1.43989748494707,3.73766961828337
"Guardians of the Galaxy",112,104,8,112,0.928571428571429,81,94320883,333176600,28.3,408,23117,"Aug 1, 2014","Walt Disney Studios Motion Pictures",9.7,2014,"Action","Super Hero",1.7e+08,"4865d1c4-d511-3596-b848-7d57f86841e6",3.53237363140462,2014-08-01,"Summer",28.4444444444444,1.51124578270765,4.72738781871234
"Guardians of the Galaxy Vol. 2",93,72,21,93,0.774193548387097,30,146510104,389813101,37.6,4347,33703,"May 5, 2017","Walt Disney Studios Motion Pictures",7,2017,"Action","Super Hero",2e+08,"0b50d1b4-e68f-380f-a68c-042ee9b3576f",2.66065677627258,2017-05-05,"Spring",25.9722222222222,1.29764257838359,4.54329478227
"Guardians of the Galaxy Vol. 3",157,133,24,157,0.847133757961783,54,118414021,358995815,0.33,445,26609,"May 5, 2023","Walt Disney Studios Motion Pictures",6.9,2023,"Action","Super Hero",2.5e+08,"30ef95fc-0ff5-35a3-98f6-d051de8bc1b8",3.03170023252567,2023-05-05,"Spring",30.3333333333333,1.39418818091334,5.06259503302697
"Halloween",355,273,82,355,0.769014084507042,118,76221545,159342015,47.8,3928,19404,"Oct 19, 2018","Universal Pictures",4,2018,"Horror","Contemporary Fiction",1e+07,"02b9723f-8b5f-37d4-91ed-dcaed51db81f",2.09051148202257,2018-10-19,"Autumn",28.8888888888889,1.12833660537402,5.87493073085203
"Halloween Kills",172,62,110,172,0.36046511627907,256,49404980,92002155,53.7,3.705,13334,"Oct 15, 2021","Universal Pictures",4.6,2021,"Horror","Contemporary Fiction",2e+07,"22b55465-e7d6-34cc-afc3-a77137ccb3b8",1.86220407335455,2021-10-15,"Autumn",20.4722222222222,1.05159198304873,5.15329159449778
"Hancock",94,45,49,94,0.478723404255319,170,62603879,227946274,27.5,3965,15789,"Jul 2, 2008","Sony Pictures Releasing",5.8,2008,"Action","Super Hero",1.5e+08,"18befc3b-acae-3be0-9184-eafbcac4b5a6",3.64108866161472,2008-07-02,"Summer",31.8333333333333,1.53494896406594,4.55387689160054
"Happy Feet",89,67,22,89,0.752808988764045,316,41533432,198000317,21,3804,10918,"Nov 17, 2006","Warner Bros.",8.8,2006,"Musical","Kids Fiction",8.5e+07,"c989fcdc-c420-305e-b5d0-a79ea3c1b23b",4.76725152402527,2006-11-17,"Autumn",36.1111111111111,1.75219562804413,4.49980967033027
"Harry Potter and the Deathly Hallows: Part 1",85,69,16,85,0.811764705882353,47,125017372,295983305,42.2,4125,30307,"Nov 19, 2010","Warner Bros.",6.8,2010,"Adventure","Fantasy",1.25e+08,"e27c4b21-d978-3976-b6a5-f3f800dd91ad",2.36753740912103,2010-11-19,"Autumn",23.5,1.21418173811107,4.45434729625351
"Harry Potter and the Deathly Hallows: Part 2",94,90,4,94,0.957446808510638,18,169189427,381011219,44.4,4375,38671,"Jul 15, 2011","Warner Bros.",6,2011,"Adventure","Fantasy",1.25e+08,"62eb1e24-77d1-3c56-8a3e-a0e37ecc23cb",2.25198007792768,2011-07-15,"Summer",19.9166666666667,1.1792640655683,4.55387689160054
"Harry Potter and the Goblet of Fire",214,188,26,214,0.878504672897196,70,102685961,290013036,35.4,3858,26616,"Nov 18, 2005","Warner Bros.",7.5,2005,"Adventure","Fantasy",1.5e+08,"e52032a2-ff77-331a-b59e-4104ee459688",2.82427152821796,2005-11-18,"Autumn",26.4166666666667,1.34136799900147,5.37063802812766
"Harry Potter and the Half-Blood Prince",130,95,35,130,0.730769230769231,113,77835727,301959197,25.8,4325,17996,"Jul 15, 2009","Warner Bros.",6.1,2009,"Adventure","Fantasy",2.5e+08,"e94cd5eb-3590-3d82-9295-bb169d5b7223",3.87944211017647,2009-07-15,"Summer",24.9722222222222,1.58503089164469,4.87519732320115
"Harry Potter and the Order of the Phoenix",107,85,22,107,0.794392523364486,115,77108414,292004738,26.4,4285,17994,"Jul 11, 2007","Warner Bros.",6.1,2007,"Adventure","Fantasy",1.5e+08,"2f228150-61da-3e79-9a11-7ede739d9eea",3.7869374151568,2007-07-11,"Summer",33.7777777777778,1.56589083640738,4.68213122712422
"Harry Potter and the Prisoner of Azkaban",177,158,19,177,0.892655367231638,83,93687367,249541069,37.5,3855,24302,"Jun 4, 2004","Warner Bros.",6.7,2004,"Adventure","Fantasy",1.3e+08,"de85af55-5281-30d5-b5fc-79ca414c241f",2.66355088194548,2004-06-04,"Summer",28.8611111111111,1.2984328634106,5.18178355029209
"High School Musical 3: Senior Year",83,54,29,83,0.650602409638554,310,42030184,90559416,46.4,3.623,11600,"Oct 24, 2008","Walt Disney Studios Motion Pictures",5.5,2008,"Musical","Contemporary Fiction",1.1e+07,"050b7f1b-0082-31dc-b14c-2e9ece544d53",2.1546281120254,2008-10-24,"Autumn",27.3055555555556,1.14887061647051,4.43081679884331
"Hitch",113,73,40,113,0.646017699115044,305,43142214,179495555,0.2,3.575,12067,"Feb 11, 2005","Sony Pictures Releasing",7.9,2005,"Romantic Comedy","Contemporary Fiction",5.5e+07,"4ddc7977-a6f7-30e4-90aa-997a76311df2",4.16055501926721,2005-02-11,"Winter",38.2777777777778,1.6410441355826,4.7361984483945
"Home",34,17,17,34,0.5,239,52107731,177397510,29.4,3.708,14052,"Mar 27, 2015","Twentieth Century Fox",8.3,2015,"Adventure","Kids Fiction",1.3e+08,"c49ea818-9152-3638-8517-d0099a3d0248",3.40443743366987,2015-03-27,"Spring",33.1388888888889,1.48261254037427,3.55534806148941
"Hotel Transylvania",73,31,42,73,0.424657534246575,308,42522194,148313048,28.7,3.349,12696,"Sep 28, 2012","Sony Pictures Releasing",7.9,2012,"Adventure","Kids Fiction",8.5e+07,"ece23b88-99c1-31e6-ac60-dc6f241c290b",3.48789735543749,2012-09-28,"Autumn",27.2222222222222,1.50138429706703,4.30406509320417
"Hotel Transylvania 2",54,31,23,54,0.574074074074074,262,48464322,169700110,28.6,3.754,12910,"Sep 25, 2015","Sony Pictures Releasing",7.4,2015,"Adventure","Kids Fiction",8e+07,"cb1ae8bd-5257-3676-8319-428dd9d820ee",3.50154717938693,2015-09-25,"Autumn",25.0833333333333,1.50442115532607,4.00733318523247
"Hotel Transylvania 3: Summer Vacation",64,39,25,64,0.609375,297,44076225,167510016,26.3,4.267,10329,"Jul 13, 2018","Sony Pictures Releasing",6.4,2018,"Adventure","Kids Fiction",6.5e+07,"9f2d83f0-5377-3830-92c7-4653f461ef62",3.8004619497246,2018-07-13,"Summer",39.5277777777778,1.56871215280908,4.17438726989564
"How to Train Your Dragon",89,88,1,89,0.98876404494382,302,43732319,217581231,20.1,4.055,10784,"Mar 26, 2010","DreamWorks",8.2,2010,"Adventure","Fantasy",1.65e+08,"cce9361c-4dba-3321-9d0a-60a8623c465c",4.97529598190299,2010-03-26,"Spring",38.3793103448276,1.78763363331084,4.49980967033027
"How to Train Your Dragon 2",82,75,7,82,0.914634146341463,255,49451322,177002924,27.9,4.253,11627,"Jun 13, 2014","Twentieth Century Fox",6.6,2014,"Adventure","Fantasy",1.45e+08,"ffba2e9c-414f-3895-a1dc-18bbe0574ad9",3.57933654432939,2014-06-13,"Summer",38.0555555555556,1.52155412831624,4.4188406077966
"How to Train Your Dragon: The Hidden World",103,93,10,103,0.902912621359223,216,55022245,160799505,34.2,4.259,12919,"Feb 22, 2019","Universal Pictures",6.4,2019,"Adventure","Kids Fiction",1.29e+08,"1fb0d869-d488-3bef-b765-26ef6bdf8db2",2.92244536732371,2019-02-22,"Winter",28.2777777777778,1.36671527750351,4.64439089914137
"I Am Legend",220,166,54,220,0.754545454545455,114,77211321,256393010,30.1,3606,21411,"Dec 14, 2007","Warner Bros.",6.8,2007,"Thriller","Science Fiction",1.5e+08,"737027d8-d872-384f-b825-3d6843594ce8",3.32066601994803,2007-12-14,"Winter",27.8611111111111,1.46340956165711,5.39816270151775
"I, Robot",158,94,64,158,0.59493670886076,238,52179887,144801023,0.4,3.42,15257,"Jul 16, 2004","Twentieth Century Fox",6.1,2004,"Action","Science Fiction",1.05e+08,"4792e372-d78a-3602-b8ba-b86e0579cd62",2.77503519699075,2004-07-16,"Summer",25.5555555555556,1.32840970636368,5.06890420222023
"Ice Age: Continental Drift",57,18,39,57,0.31578947368421,275,46629259,161321843,28.9,3.881,12014,"Jul 13, 2012","Twentieth Century Fox",7,2012,"Adventure","Fantasy",9.5e+07,"164d67d2-c1d1-320b-ac0e-db4e78c23de5",3.45966988238007,2012-07-13,"Summer",31.8333333333333,1.49507474588898,4.06044301054642
"Ice Age: Dawn of the Dinosaurs",104,49,55,104,0.471153846153846,313,41690382,196573705,21.2,4.099,10170,"Jul 1, 2009","Twentieth Century Fox",5.9,2009,"Adventure","Kids Fiction",9e+07,"7693a37d-852c-3fa5-81ee-b6afd10e05e6",4.71508524436164,2009-07-01,"Summer",44.7777777777778,1.74310921303433,4.65396035015752
"Ice Age: The Meltdown",90,52,38,90,0.577777777777778,148,68033544,195330621,34.8,3964,17162,"Mar 31, 2006","Twentieth Century Fox",6.9,2006,"Adventure","Kids Fiction",7.5e+07,"f8f492db-4a77-32bb-8a37-1e02ed78b6b0",2.87109283914417,2006-03-31,"Spring",29.5277777777778,1.35353685455364,4.51085950651685
"Inception",116,103,13,116,0.887931034482759,169,62785337,292576195,21.5,3792,16557,"Jul 16, 2010","Warner Bros.",8.2,2010,"Thriller","Science Fiction",1.6e+08,"afbf1c81-1bfe-3996-9cbc-2e1be23d1f61",4.65994464599274,2010-07-16,"Summer",31.3055555555556,1.73341411230733,4.76217393479776
"Incredibles 2",154,142,12,154,0.922077922077922,12,182687905,608581744,0.3,441,41425,"Jun 15, 2018","Walt Disney Studios Motion Pictures",9.1,2018,"Adventure","Super Hero",2e+08,"487e9820-001e-3da7-b47b-37003a7d7bc9",3.33126456291674,2018-06-15,"Summer",27.4722222222222,1.46585954624,5.04342511691925
"Independence Day: Resurgence",132,33,99,132,0.25,323,41039944,103144286,39.8,413,9937,"Jun 24, 2016","Twentieth Century Fox",3.8,2016,"Action","Science Fiction",1.65e+08,"ca019847-012d-3509-b04a-95d330a079b7",2.51326575884217,2016-06-24,"Summer",26.3333333333333,1.256546020534,4.89034912822175
"Indiana Jones and the Dial of Destiny",164,120,44,164,0.731707317073171,179,60368101,174480468,34.6,4.6,13123,"Jun 30, 2023","Walt Disney Studios Motion Pictures",4.6,2023,"Adventure","Historical Fiction",3e+08,"03dfaaa5-bb73-31e9-abb5-30349e999761",2.89027590912625,2023-06-30,"Summer",29.25,1.35848008291105,5.10594547390058
"Indiana Jones and the Kingdom of the Crystal Skull",105,78,27,105,0.742857142857143,72,100137835,317101119,31.6,426,23506,"May 22, 2008","Paramount Pictures",7,2008,"Adventure","Historical Fiction",1.85e+08,"ed91c42a-38e2-30ad-94ff-91be04905a35",3.16664644287546,2008-05-22,"Spring",30.8888888888889,1.42711150191848,4.66343909411207
"Inside Out",114,112,2,114,0.982456140350877,90,90440272,356461711,25.4,3946,22919,"Jun 19, 2015","Walt Disney Studios Motion Pictures",8.9,2015,"Adventure","Kids Fiction",1.75e+08,"d7243dcc-df4e-3a21-9ebc-4af39d28c02a",3.94140467644768,2015-06-19,"Summer",36.0833333333333,1.5976496382398,4.74493212836325
"Insidious: Chapter 2",49,14,35,49,0.285714285714286,335,40272103,83586447,48.2,3049,13208,"Sep 13, 2013","FilmDistrict",5.9,2013,"Horror","Contemporary Fiction",5e+06,"eb95d8d1-a632-3419-b747-5cb861485a8b",2.07554214390046,2013-09-13,"Autumn",15.7222222222222,1.12348119267773,3.91202300542815
"Interstellar",79,60,19,79,0.759493670886076,269,47510360,188020017,25.3,3.561,13341,"Nov 5, 2014","Paramount Pictures",7.3,2014,"Adventure","Science Fiction",1.65e+08,"ba9320dd-78db-3d61-b5f1-e7da1f1758cf",3.9574530060391,2014-11-05,"Autumn",30.2777777777778,1.60089210200009,4.38202663467388
"Iron Man",97,86,11,97,0.88659793814433,75,98618668,318604126,0.31,4105,24024,"May 2, 2008","Paramount Pictures",8,2008,"Adventure","Super Hero",1.86e+08,"41ca006b-8820-379c-84fc-aaae870b37f6",3.230667504047,2008-05-02,"Spring",26.6388888888889,1.44235978298388,4.58496747867057
"Iron Man 2",94,72,22,94,0.765957446808511,44,128122480,312433331,0.41,438,29251,"May 7, 2010","Paramount Pictures",6.2,2010,"Action","Super Hero",1.7e+08,"591fdf7c-5514-3d4b-89d5-d86b785eab41",2.4385520089839,2010-05-07,"Spring",24.9444444444444,1.23505045514945,4.55387689160054
"Iron Man 3",87,69,18,87,0.793103448275862,17,174144585,409013994,42.6,4253,40946,"May 3, 2013","Walt Disney Studios Motion Pictures",6.2,2013,"Action","Super Hero",2e+08,"e53766b7-818f-30e6-bf9c-0a6cad01d08a",2.34870348681815,2013-05-03,"Spring",23.3055555555556,1.20857325206559,4.47733681447821
"It",143,115,28,143,0.804195804195804,48,123403419,327481748,37.7,4103,30076,"Sep 8, 2017","Warner Bros.",7.4,2017,"Horror","Historical Fiction",3.5e+07,"e4e957be-38b2-3b9c-9142-9c4ccdece9b1",2.65374939084954,2017-09-08,"Autumn",37.9166666666667,1.29575387072405,4.969813299576
"It: Chapter Two",182,107,75,182,0.587912087912088,88,91062152,211593228,0.43,457,19926,"Sep 6, 2019","Warner Bros.",5.6,2019,"Horror","Contemporary Fiction",7e+07,"f4ee6019-992a-3308-bcbd-449385e6c787",2.32361330533897,2019-09-06,"Autumn",26.3888888888889,1.20105253609198,5.20948615284142
"Jason Bourne",113,66,47,113,0.584070796460177,188,59215365,162434410,36.4,4.026,14708,"Jul 29, 2016","Universal Pictures",5.6,2016,"Action","Contemporary Fiction",1.2e+08,"4a27d49b-16f6-317a-8ece-cf6eb6205261",2.74311253506586,2016-07-29,"Summer",27.8055555555556,1.31991749394345,4.7361984483945
"John Wick: Chapter 3 -- Parabellum",26,23,3,26,0.884615384615385,197,56818067,171015687,33.2,3.85,14757,"May 17, 2019","Lionsgate",6.2,2019,"Action","Contemporary Fiction",7.5e+07,"7394a832-74eb-3e08-8c6e-eda6dca9dd36",3.0098821735699,2019-05-17,"Spring",32.2222222222222,1.38876185773713,3.29583686600433
"John Wick: Chapter 4",176,165,11,176,0.9375,125,73817950,187131806,39.4,3855,19148,"Mar 24, 2023","Lionsgate",6.5,2023,"Action","Contemporary Fiction",1e+08,"fde71436-f4ed-323f-b23d-6e0ce470d4ba",2.5350447418277,2023-03-24,"Spring",26.4722222222222,1.26272595607967,5.17614973257383
"Joker",217,146,71,217,0.672811059907834,78,96202337,335451311,28.7,4374,21994,"Oct 4, 2019","Warner Bros.",7.5,2019,"Thriller","Contemporary Fiction",5.5e+07,"a50bc50f-396f-3d64-80f9-850414c4a40b",3.48693515626341,2019-10-04,"Autumn",32.0833333333333,1.50116987542149,5.38449506278909
"Jumanji: The Next Level",114,84,30,114,0.736842105263158,187,59251543,320314960,18.5,4.227,14017,"Dec 13, 2019","Sony Pictures Releasing",9.8,2019,"Adventure","Science Fiction",1.25e+08,"46c4dbc9-c0eb-39aa-8294-71c736ee8b45",5.40601887785437,2019-12-13,"Winter",45.3055555555556,1.85723799808465,4.74493212836325
"Jurassic World",103,75,28,103,0.728155339805825,6,208806270,652270625,0.32,4274,48855,"Jun 12, 2015","Universal Pictures",8.5,2015,"Action","Science Fiction",2.15e+08,"bb4d30c6-938d-3d28-8524-dcc6705c90f0",3.12380765673368,2015-06-12,"Summer",28.3611111111111,1.41677692508975,4.64439089914137
"Jurassic World Dominion",186,46,140,186,0.247311827956989,32,145075625,376851080,38.5,4676,31025,"Jun 10, 2022","Universal Pictures",7,2022,"Action","Science Fiction",1.85e+08,"f3a12631-5b97-3a3c-aa65-babf9acebf1a",2.59761817328032,2022-06-10,"Summer",30.1111111111111,1.28027200796269,5.23110861685459
"Jurassic World: Fallen Kingdom",117,56,61,117,0.478632478632479,28,148024610,417719760,35.4,4475,33078,"Jun 22, 2018","Universal Pictures",6.8,2018,"Action","Science Fiction",1.7e+08,"5c8f036e-56e0-3429-a807-a70eb79c2a52",2.8219615643642,2018-06-22,"Summer",27.6944444444444,1.34076378934789,4.77068462446567
"Justice League",121,55,66,121,0.454545454545455,82,93842239,229024295,0.41,4051,23165,"Nov 17, 2017","Warner Bros.",5.5,2017,"Action","Super Hero",3e+08,"4d9037c3-a4a0-3506-8f78-225c5c8acf83",2.44052462345874,2017-11-17,"Autumn",25.6388888888889,1.23562396657673,4.80402104473326
"King Kong",121,97,24,121,0.801652892561983,252,50130145,218080025,0.2,3.568,14049,"Dec 14, 2005","Universal Pictures",6.5,2005,"Adventure","Fantasy",2.07e+08,"d4bc2f74-cb2e-389a-81b0-00e456b4e309",4.35027716357094,2005-12-14,"Winter",40.25,1.67714836584096,4.80402104473326
"Kingdom of the Planet of the Apes",156,122,34,156,0.782051282051282,189,58400788,171130165,34.1,4.075,14331,"May 10, 2024","20th Century Studios",6.6,2024,"Action","Science Fiction",1.6e+08,"4caf2155-40f7-482d-95a6-2f6642645bb5",2.93027150592557,2024-05-10,"Spring",31.5555555555556,1.36870850897212,5.05624580534831
"Kong: Skull Island",122,91,31,122,0.745901639344262,178,61025472,168052812,36.3,3.846,15867,"Mar 10, 2017","Warner Bros.",6,2017,"Adventure","Science Fiction",1.85e+08,"22940c20-37cd-376a-8ac9-9ce17b0a9799",2.7538142105644,2017-03-10,"Spring",23.25,1.32277244588056,4.81218435537242
"Kung Fu Panda",98,86,12,98,0.877551020408163,181,60239130,215727546,27.9,4.114,14642,"Jun 6, 2008","DreamWorks",6.8,2008,"Adventure","Kids Fiction",1.3e+08,"eae2ef37-05e4-3541-9fae-3d1833da5c5b",3.5811862820728,2008-06-06,"Summer",34.6111111111111,1.52195797814089,4.59511985013459
"Kung Fu Panda 2",114,98,16,114,0.859649122807018,266,47656302,165249063,28.8,3.925,12141,"May 26, 2011","DreamWorks",5.7,2011,"Adventure","Kids Fiction",1.5e+08,"78627772-01c8-37d0-852e-1415b25e0661",3.46751753839398,2011-05-26,"Spring",30.5833333333333,1.49683289381743,4.74493212836325
"Kung Fu Panda 3",75,67,8,75,0.893333333333333,319,41282042,143528619,28.8,3955,10437,"Jan 29, 2016","Twentieth Century Fox",6.7,2016,"Adventure","Kids Fiction",1.4e+08,"e211c816-7ac6-3ab4-a473-595dd61ff15c",3.47678099353709,2016-01-29,"Winter",27.3611111111111,1.49890425993344,4.33073334028633
"Kung Fu Panda 4",75,55,20,75,0.733333333333333,193,57989905,193590620,0.3,4.035,14371,"Mar 8, 2024","Universal Pictures",8.4,2024,"Comedy","Kids Fiction",8.5e+07,"a0fbfc3b-8712-3c3e-b5c1-9f2ebe5b5a14",3.33835035598006,2024-03-08,"Spring",25.5,1.46749417354638,4.33073334028633
"Lightyear",144,102,42,144,0.708333333333333,246,50577961,118307188,42.8,4.255,11886,"Jun 17, 2022","Walt Disney Studios Motion Pictures",4.1,2022,"Adventure","Kids Fiction",2e+08,"d45bf7be-658f-489c-9b2a-05cc8e60c387",2.3391055246375,2022-06-17,"Summer",30.9722222222222,1.20570296412715,4.97673374242057
"Logan",110,101,9,110,0.918181818181818,92,88411916,226277068,39.1,4071,21717,"Mar 3, 2017","Twentieth Century Fox",5.7,2017,"Action","Super Hero",1.27e+08,"19b3ce59-1a84-3c4c-8bcf-0cd5e9c88cbf",2.55935034820419,2017-03-03,"Spring",28,1.26957804175176,4.70953020131233
"Lucy",113,80,33,113,0.707964601769911,301,43899340,126663600,34.7,3.173,13835,"Jul 25, 2014","Universal Pictures",6.1,2014,"Action","Science Fiction",4e+07,"ce477485-fbe2-3703-b21d-45d6ea15417c",2.88531900479597,2014-07-25,"Summer",27.75,1.35720509236521,4.7361984483945
"Mad Max: Fury Road",113,110,3,113,0.973451327433628,284,45428128,153636354,29.6,3.702,12271,"May 15, 2015","Warner Bros.",5.6,2015,"Action","Science Fiction",1.5e+08,"680ec6a1-da95-3c02-8690-7c23f1d18180",3.38196533213959,2015-05-15,"Spring",31.5833333333333,1.47749732971788,4.7361984483945
"Madagascar",212,116,96,212,0.547169811320755,270,47224594,193595521,24.4,4.131,11431,"May 27, 2005","DreamWorks Distribution",7.4,2005,"Adventure","Kids Fiction",7.5e+07,"bb00e48f-d837-383b-97bf-94b6ec10672d",4.09946395727616,2005-05-27,"Spring",33.4166666666667,1.62913542778977,5.36129216570943
"Madagascar 3: Europe's Most Wanted",35,26,9,35,0.742857142857143,180,60316738,216391482,27.9,4.258,14165,"Jun 8, 2012","DreamWorks",6.3,2012,"Adventure","Kids Fiction",1.45e+08,"6fdddc30-b8bc-3bf4-b8ee-9756c880fe18",3.58758595333852,2012-06-08,"Summer",31.8888888888889,1.52335394962773,3.58351893845611
"Madagascar: Escape 2 Africa",95,62,33,95,0.652631578947368,166,63106589,180010950,35.1,4056,15558,"Nov 7, 2008","DreamWorks",6.7,2008,"Adventure","Kids Fiction",1.5e+08,"de105416-70a6-3296-ad13-0ef9b58affbc",2.85249056956636,2008-11-07,"Autumn",29.5833333333333,1.34871984033538,4.56434819146784
"Maleficent",99,52,47,99,0.525252525252525,142,69431298,241410378,28.8,3948,17586,"May 30, 2014","Walt Disney Studios Motion Pictures",7.4,2014,"Adventure","Fantasy",1.8e+08,"bae94b54-2cce-3bf1-b289-7e86d7ca4f17",3.47696766377607,2014-05-30,"Spring",26.5,1.49894595648896,4.60517018598809
"Man of Steel",106,55,51,106,0.518867924528302,56,116619362,291045518,40.1,4207,27720,"Jun 14, 2013","Warner Bros.",5,2013,"Action","Super Hero",2.25e+08,"3fbc9d82-14f0-3592-a00c-4f67b2a0da70",2.49568779153499,2013-06-14,"Summer",23.8333333333333,1.25153014932457,4.67282883446191
"Marvel's the Avengers",101,94,7,101,0.930693069306931,7,207438708,623357910,33.3,4349,47698,"May 4, 2012","Walt Disney Studios Motion Pictures",8.7,2012,"Action","Super Hero",2.55e+08,"f362b9f5-57e0-3021-a310-ececbcf2f49f",3.0050221388768,2012-05-04,"Spring",28.1111111111111,1.38754910831448,4.62497281328427
"Meet the Fockers",105,43,62,105,0.40952380952381,279,46120980,279261160,16.5,3.518,13110,"Dec 22, 2004","Universal Pictures",8.4,2004,"Comedy","Contemporary Fiction",6e+07,"6a22098c-ea69-357f-9567-a066af1d3fc5",6.05497021095389,2004-12-22,"Winter",41.5833333333333,1.95373236289386,4.66343909411207
"Megamind",101,74,27,101,0.732673267326733,282,46016833,148415853,0.3,3.944,11667,"Nov 5, 2010","DreamWorks",6.4,2010,"Adventure","Kids Fiction",1.3e+08,"30a2404f-54da-31be-9de8-a847b4e3a21a",3.22525135530296,2010-11-05,"Autumn",28.1111111111111,1.44107875141893,4.62497281328427
"Men in Black 3",91,63,28,91,0.692307692307692,222,54592779,179020854,30.5,4.248,12851,"May 25, 2012","Sony Pictures Releasing",5.6,2012,"Action","Science Fiction",2.15e+08,"8b3eab15-7d5b-36d7-8de5-5ab306441e6d",3.27920390350526,2012-05-25,"Spring",28.9166666666667,1.45376698843893,4.52178857704904
"Minions",62,33,29,62,0.532258064516129,58,115718405,336045770,34.4,4301,26905,"Jul 10, 2015","Universal Pictures",7.8,2015,"Adventure","Kids Fiction",7.4e+07,"248a2702-4912-398f-a627-493b92cfb3ce",2.90399586824585,2015-07-10,"Summer",33.5,1.36200061021162,4.14313472639153
"Minions: The Rise of Gru",99,70,29,99,0.707070707070707,64,107010140,370549695,28.9,4391,24370,"Jul 1, 2022","Universal Pictures",10.4,2022,"Adventure","Kids Fiction",1e+08,"0a892359-2d37-32e3-aa54-9979697ea466",3.46275310919133,2022-07-01,"Summer",26.8611111111111,1.4957658646438,4.60517018598809
"Mission: Impossible - Dead Reckoning Part One",195,182,13,195,0.933333333333333,220,54688347,172640980,31.7,4.327,12638,"Jul 12, 2023","Paramount Pictures",5,2023,"Action","Contemporary Fiction",2.9e+08,"13881ac0-7e95-3889-bb57-8d3efc43dc1d",3.156814741539,2023-07-12,"Summer",37.2777777777778,1.42474909385501,5.27811465923052
"Mission: Impossible - Fallout",179,173,6,179,0.966480446927374,175,61236534,220159104,27.8,4.386,13961,"Jul 27, 2018","Paramount Pictures",6.4,2018,"Action","Contemporary Fiction",1.78e+08,"5004f9bf-acc7-3c99-8e7f-208a7a692f1f",3.59522477219236,2018-07-27,"Summer",26.5555555555556,1.52501767130166,5.19295685089021
"Mission: Impossible III",106,69,37,106,0.650943396226415,265,47743273,134029801,35.6,4.054,11776,"May 5, 2006","Paramount Pictures",5.4,2006,"Action","Contemporary Fiction",1.5e+08,"20421d03-7a50-3cb7-8d0a-06ecad06fda2",2.80730231879997,2006-05-05,"Spring",27.0555555555556,1.33692088554243,4.67282883446191
"Mission: Impossible Rogue Nation",101,93,8,101,0.920792079207921,208,55520089,195042377,28.5,3.956,14034,"Jul 31, 2015","Paramount Pictures",7,2015,"Action","Contemporary Fiction",1.5e+08,"cd9060e7-5a09-3f24-af38-8d57a821db37",3.51300548167349,2015-07-31,"Summer",30.0555555555556,1.50696333548483,4.62497281328427
"Moana",134,125,9,134,0.932835820895522,198,56631401,248757044,22.8,3.875,14614,"Nov 23, 2016","Walt Disney Studios Motion Pictures",8.2,2016,"Musical","Kids Fiction",1.5e+08,"acb75821-7ccb-3dcb-ab9c-35654eba9226",4.39256383574194,2016-11-23,"Autumn",39.5,1.68502093708629,4.90527477843843
"Monsters University",89,69,20,89,0.775280898876405,107,82429469,268492764,30.7,4004,20586,"Jun 21, 2013","Walt Disney Studios Motion Pictures",6.2,2013,"Adventure","Kids Fiction",2e+08,"6e31c8f9-a10d-3937-88ec-c1322e31dbcb",3.25724243110192,2013-06-21,"Summer",32,1.44862163403866,4.49980967033027
"Monsters vs. Aliens",226,170,56,226,0.752212389380531,185,59321095,198351526,29.9,4.104,14454,"Mar 27, 2009","DreamWorks",7.4,2009,"Adventure","Kids Fiction",1.75e+08,"f5d5ba23-dcc2-3399-a891-1b1b1c32bf71",3.34369293081997,2009-03-27,"Spring",27.5833333333333,1.46872489201616,5.4249500174814
"Mr. & Mrs. Smith",118,68,50,118,0.576271186440678,248,50342878,186336279,0.3,3.424,14702,"Jun 10, 2005","Twentieth Century Fox",7.4,2005,"Action","Contemporary Fiction",1.1e+08,"90d904de-823d-3ed6-913c-53d7acd9de51",3.70134339558418,2005-06-10,"Summer",26.8611111111111,1.54784829672243,4.77912349311153
"National Treasure: Book of Secrets",76,24,52,76,0.31578947368421,291,44783772,219964115,20.4,3.832,11686,"Dec 21, 2007","Walt Disney Studios Motion Pictures",7.1,2007,"Adventure","Contemporary Fiction",1.3e+08,"84054bd2-d6b0-3089-b37f-e631e357d6cb",4.91169245413272,2007-12-21,"Winter",39.75,1.77693216167924,4.34380542185368
"Neighbors",77,54,23,77,0.701298701298701,258,49033915,150157400,32.7,3.279,14953,"May 9, 2014","Universal Pictures",6.2,2014,"Comedy","Contemporary Fiction",1.8e+07,"fddd75ae-7365-3447-802b-fab0196ed6c3",3.06231717373577,2014-05-09,"Spring",30.0277777777778,1.40175354325505,4.35670882668959
"Night at the Museum: Battle of the Smithsonian",100,48,52,100,0.48,227,54173286,177243721,30.6,4.096,13225,"May 22, 2009","Twentieth Century Fox",6.3,2009,"Adventure","Fantasy",1.5e+08,"7f4c2043-f6ee-3fd0-bf95-d092b94a24f4",3.27179194926444,2009-05-22,"Spring",30.6111111111111,1.45203339945708,4.61512051684126
"No Time to Die",158,134,24,158,0.848101265822785,211,55225007,160891007,34.3,4.407,12531,"Oct 8, 2021","Metro-Goldwyn-Mayer (MGM)",6.3,2021,"Action","Contemporary Fiction",2.5e+08,"f0332c7a-b0aa-3c80-a064-ab3e2eb643ca",2.91337232424434,2021-10-08,"Autumn",30.1666666666667,1.36439948928808,5.06890420222023
"Noah",122,95,27,122,0.778688524590164,303,43720472,101200044,43.2,3.567,12256,"Mar 28, 2014","Paramount Pictures",4.7,2014,"Drama","Historical Fiction",1.3e+08,"3dbe62ee-60fd-3ef6-a4d9-1fb4edad3747",2.31470611753688,2014-03-28,"Spring",21.8333333333333,1.19836896738124,4.81218435537242
"Nope",254,213,41,254,0.838582677165354,295,44366910,123277080,0.4,3.785,11721,"Jul 22, 2022","Universal Pictures",5.6,2022,"Horror","Science Fiction",6.8e+07,"6de3b2af-ef38-3d26-ae60-82d87e4dcbb9",2.77858160507459,2022-07-22,"Summer",30.0833333333333,1.32934870245982,5.54126354515843
"Ocean's 8",144,92,52,144,0.638888888888889,315,41607378,140218711,29.7,4.145,10037,"Jun 8, 2018","Warner Bros.",5.4,2018,"Comedy","Contemporary Fiction",7e+07,"d20cde98-c4d0-31f3-adb2-2c98e4fbe8bf",3.37004439453022,2018-06-08,"Summer",32.75,1.4747731679873,4.97673374242057
"Once Upon a Time... In Hollywood",317,263,54,317,0.829652996845426,321,41082018,142502728,28.8,3659,11227,"Jul 26, 2019","Sony Pictures Releasing",7,2019,"Thriller","Dramatization",9e+07,"905dee0d-15e0-3a12-b5c5-414256cdaed0",3.46873729523219,2019-07-26,"Summer",34.2222222222222,1.49710588443117,5.76205138278018
"Oppenheimer",263,247,16,263,0.939163498098859,106,82455420,330078895,0.25,361,22840,"Jul 21, 2023","Universal Pictures",10.1,2023,"Drama","Dramatization",1e+08,"07d7f9a2-3fa1-342a-b6ca-27fd594e04c6",4.00311944320943,2023-07-21,"Summer",29.9722222222222,1.61006160653838,5.57594910314632
"Oz the Great and Powerful",108,71,37,108,0.657407407407407,112,79110453,234911825,33.7,3912,20222,"Mar 8, 2013","Walt Disney Studios Motion Pictures",7.1,2013,"Adventure","Fantasy",2e+08,"321c331b-fd64-351b-a9a5-a290b2b6de42",2.9694157483841,2013-03-08,"Spring",23.6388888888889,1.37861891721514,4.69134788222914
"Paranormal Activity 2",92,51,41,92,0.554347826086957,326,40678424,84752907,48,3216,12648,"Oct 22, 2010","Paramount Pictures",4.4,2010,"Horror","Contemporary Fiction",3e+06,"dc15cd32-0507-3191-92ee-16c1e9cde726",2.0834855106481,2010-10-22,"Autumn",24.3888888888889,1.12606061644311,4.53259949315326
"Paranormal Activity 3",57,34,23,57,0.596491228070175,234,52568183,104028807,50.5,3.321,15829,"Oct 21, 2011","Paramount Pictures",4.7,2011,"Horror","Contemporary Fiction",5e+06,"6f6d70f1-509d-3867-99cc-c3666592af45",1.978931000906,2011-10-21,"Autumn",20.25,1.09156451163209,4.06044301054642
"Pirates of the Caribbean: At World's End",88,35,53,88,0.397727272727273,59,114732820,309420425,37.1,4362,26302,"May 25, 2007","Walt Disney Studios Motion Pictures",6.1,2007,"Adventure","Historical Fiction",3e+08,"59b70666-a1e8-37e2-a483-8d32a1c532f9",2.6968780598263,2007-05-25,"Spring",25.4444444444444,1.30748869586341,4.48863636973214
"Pirates of the Caribbean: Dead Man's Chest",91,52,39,91,0.571428571428571,37,135634554,423315812,0.32,4133,32817,"Jul 7, 2006","Walt Disney Studios Motion Pictures",8.3,2006,"Adventure","Historical Fiction",2.25e+08,"34ee34b1-a22e-38cb-ae88-2e6fb9579bbc",3.12100272029501,2006-07-07,"Summer",27.4166666666667,1.41609651246202,4.52178857704904
"Pirates of the Caribbean: Dead Men Tell No Tales",84,25,59,84,0.297619047619048,168,62983253,172558876,36.5,4276,14729,"May 26, 2017","Walt Disney Studios Motion Pictures",5.2,2017,"Adventure","Historical Fiction",2.3e+08,"609cebd3-6109-3bcc-a19f-0f3946b9c795",2.73975807505528,2017-05-26,"Spring",32.1111111111111,1.31902092352013,4.44265125649032
"Pirates of the Caribbean: On Stranger Tides",116,33,83,116,0.28448275862069,91,90151958,241071802,37.4,4155,21697,"May 20, 2011","Walt Disney Studios Motion Pictures",6,2011,"Adventure","Historical Fiction",3.79e+08,"1e1748cd-5616-3725-9125-455bee78371b",2.67406063437912,2011-05-20,"Spring",24.3333333333333,1.30129749029832,4.76217393479776
"Pitch Perfect 2",54,30,24,54,0.555555555555556,144,69216890,184296230,37.6,3473,19930,"May 15, 2015","Universal Pictures",5.8,2015,"Comedy","Contemporary Fiction",2.9e+07,"ba8333b8-50a2-3a0f-8dd7-0c1f4672723c",2.66259044577126,2015-05-15,"Spring",26.3055555555556,1.29817066912939,4.00733318523247
"Pokémon Detective Pikachu",140,92,48,140,0.657142857142857,225,54365242,144105346,37.7,4.202,12937,"May 10, 2019","Warner Bros.",4.8,2019,"Comedy","Kids Fiction",1.5e+08,"79346ad2-7e7c-3b0d-93e8-3dd39c1eee0d",2.65068894570542,2019-05-10,"Spring",NA,1.294915902031,4.94875989037817
"Prometheus",107,76,31,107,0.710280373831776,242,51050101,126477084,40.4,3.396,15032,"Jun 8, 2012","Twentieth Century Fox",4.2,2012,"Thriller","Science Fiction",1.25e+08,"43e60514-5a48-3ad1-8cbb-a6a6ac88d3a0",2.47750898671092,2012-06-08,"Summer",24.3611111111111,1.24631622905681,4.68213122712422
"Quantum of Solace",111,66,45,111,0.594594594594595,152,67528882,168368427,40.1,3451,19567,"Nov 14, 2008","Sony Pictures Releasing",6,2008,"Action","Contemporary Fiction",2.3e+08,"4d7b1199-5975-305c-88b5-e8ff1f1baf43",2.49328023822459,2008-11-14,"Autumn",25.5277777777778,1.25084119112777,4.71849887129509
"Ralph Breaks the Internet",138,120,18,138,0.869565217391304,201,56237634,201091711,0.3,4.017,13999,"Nov 21, 2018","Walt Disney Studios Motion Pictures",7.6,2018,"Adventure","Kids Fiction",1.75e+08,"ac9663f5-3e35-4d4a-ba90-f8a3061d7c55",3.57574984395681,2018-11-21,"Autumn",31.3055555555556,1.52077058561572,4.93447393313069
"Ratatouille",104,103,1,104,0.990384615384615,272,47027395,206445654,22.8,3.94,11935,"Jun 29, 2007","Walt Disney Studios Motion Pictures",7.5,2007,"Adventure","Kids Fiction",1.5e+08,"86d13a34-b57d-30ab-9fbe-948223cfbb96",4.3899019709682,2007-06-29,"Summer",34.6111111111111,1.6845271975511,4.65396035015752
"Ready Player One",189,131,58,189,0.693121693121693,312,41764050,137690172,30.3,4.234,9863,"Mar 29, 2018","Warner Bros.",5.1,2018,"Adventure","Science Fiction",1.5e+08,"b0b0ce92-7fd8-3d7d-b370-7e4e0c277c80",3.2968587098234,2018-03-29,"Spring",31.5833333333333,1.45788422313134,5.24702407216049
"Ride Along",61,9,52,61,0.147540983606557,317,41516170,134938200,30.8,2663,15590,"Jan 17, 2014","Universal Pictures",7.5,2014,"Comedy","Contemporary Fiction",2.5e+07,"df071bc2-3ae0-3a84-ada5-5a6afb516dce",3.25025646633589,2014-01-17,"Winter",25.75,1.44697932613585,4.12713438504509
"Rise of the Planet of the Apes",139,112,27,139,0.805755395683453,217,54806191,176760185,0.3,3.648,15023,"Aug 5, 2011","Twentieth Century Fox",7.1,2011,"Adventure","Science Fiction",9.3e+07,"d295559c-7713-3592-a64a-7c430106c8ea",3.22518645749346,2011-08-05,"Summer",24.9166666666667,1.44106339178647,4.9416424226093
"Rogue One: A Star Wars Story",93,77,16,93,0.827956989247312,24,155081681,532177324,29.1,4157,37306,"Dec 16, 2016","Walt Disney Studios Motion Pictures",7.1,2016,"Adventure","Science Fiction",280200000,"6eeeadff-c77d-3b35-aaa0-f0d59022b041",3.43159372898466,2016-12-16,"Winter",32.1666666666667,1.48875927759538,4.54329478227
"Rush Hour 3",80,10,70,80,0.125,249,50237000,140125968,35.8,3.778,13297,"Aug 10, 2007","New Line Cinema",6.2,2007,"Action","Contemporary Fiction",1.8e+08,"d0b4a5b1-81d3-34ac-bd9b-d82427932230",2.7892980870673,2007-08-10,"Summer",25.3611111111111,1.33218080064095,4.39444915467244
"Saban's Power Rangers",60,29,31,60,0.483333333333333,334,40300288,85364450,47.2,3693,10912,"Mar 24, 2017","Lionsgate",4.3,2017,"Action","Kids Fiction",1.2e+08,"724153c7-ae66-3e47-be58-c8fd1f2efc05",2.11820942818076,2017-03-24,"Spring",21.6666666666667,1.13725893585293,4.11087386417331
"San Andreas",87,45,42,87,0.517241379310345,223,54588173,155190832,35.2,3.777,14452,"May 29, 2015","Warner Bros.",5.8,2015,"Adventure","Science Fiction",1.1e+08,"c87b1266-de76-324a-8893-d85dc2069127",2.84293874425876,2015-05-29,"Spring",29.8611111111111,1.34623737189251,4.47733681447821
"Scream VI",150,111,39,150,0.74,294,44447270,108391107,0.4,3.675,12094,"Mar 10, 2023","Paramount Pictures",4.9,2023,"Horror","Contemporary Fiction",3.3e+07,"15267f83-191e-3f0a-94c2-57674708553f",2.43864487065235,2023-03-10,"Spring",26.0833333333333,1.23507746082344,5.01727983681492
"Sex and the City",176,82,94,176,0.465909090909091,196,57038404,152647258,37.4,3.285,17363,"May 30, 2008","Warner Bros.",5.5,2008,"Comedy","Contemporary Fiction",57500000,"86d95f25-732a-323b-be16-7a00e5377a42",2.67621895591609,2008-05-30,"Spring",24,1.30188476635292,5.17614973257383
"Shang-Chi and the Legend of the Ten Rings",124,114,10,124,0.919354838709677,120,75388688,224543292,33.6,43,17532,"Sep 3, 2021","Walt Disney Studios Motion Pictures",6.7,2021,"Action","Super Hero",1.5e+08,"4f12e008-d22e-35e3-ae66-0facd40741da",2.97847459555205,2021-09-03,"Autumn",27.75,1.38089847838137,4.8283137373023
"Shazam!",165,145,20,165,0.878787878787879,230,53505326,140371656,38.1,4.217,12688,"Apr 5, 2019","Warner Bros.",5.1,2019,"Action","Super Hero",8.5e+07,"0ade96f4-c9f4-3691-9912-8e7319858082",2.62350809711915,2019-04-05,"Spring",26.8888888888889,1.28744264417741,5.11198778835654
"Sherlock Holmes",104,71,33,104,0.682692307692308,172,62304277,209028679,29.8,3.626,17182,"Dec 25, 2009","Warner Bros.",6.8,2009,"Adventure","Historical Fiction",9e+07,"fb2262ba-7ab0-35a4-879f-2fe0a7763d1c",3.35496516555356,2009-12-25,"Winter",28.1388888888889,1.47131661154769,4.65396035015752
"Shrek 2",138,124,14,138,0.898550724637681,63,108037878,441550292,24.5,4163,25951,"May 19, 2004","DreamWorks Distribution",8.6,2004,"Adventure","Kids Fiction",7e+07,"42c0dd81-a26d-351b-b446-385fdbdf4669",4.0869952295805,2004-05-19,"Spring",39.7222222222222,1.62668732807343,4.93447393313069
"Shrek Forever After",106,66,40,106,0.622641509433962,134,70838207,238736787,29.7,4359,16251,"May 21, 2010","DreamWorks",5.9,2010,"Adventure","Kids Fiction",1.65e+08,"2734371e-65e3-3a59-b2e6-6d6e449e5e29",3.37016981528062,2010-05-21,"Spring",30.25,1.47480186768444,4.67282883446191
"Shrek the Third",118,50,68,118,0.423728813559322,51,121629270,322719944,37.7,4122,29507,"May 18, 2007","DreamWorks",6.7,2007,"Adventure","Kids Fiction",1.6e+08,"e61b6984-f2bb-3c5e-a267-00f00a6e8cdd",2.65330823740042,2007-05-18,"Spring",25.2222222222222,1.29563312350346,4.77912349311153
"Shutter Island",134,91,43,134,0.67910447761194,322,41062440,128012934,32.1,2991,13728,"Feb 19, 2010","Paramount Pictures",6.5,2010,"Thriller","Historical Fiction",8e+07,"92844dc6-c5a8-351c-a047-8e9d80dab315",3.11751892970803,2010-02-19,"Winter",26.0833333333333,1.41525078043809,4.90527477843843
"Skyfall",97,87,10,97,0.896907216494845,93,88364714,304360277,0.29,3505,25211,"Nov 9, 2012","Sony Pictures Releasing",8.2,2012,"Action","Contemporary Fiction",2e+08,"128afdcd-1696-32e1-b0f3-87aca4507b5e",3.44436442130057,2012-11-09,"Autumn",27.25,1.49163687140825,4.58496747867057
"Snow White and the Huntsman",100,49,51,100,0.49,202,56217700,155332381,36.2,3.773,14900,"Jun 1, 2012","Universal Pictures",5.4,2012,"Adventure","Fantasy",1.7e+08,"ed045d98-7691-3c97-b4eb-35d25dc5e1a9",2.7630511564863,2012-06-01,"Summer",24.5277777777778,1.32523010612062,4.61512051684126
"Solo: A Star Wars Story",127,93,34,127,0.732283464566929,102,84420489,213767512,39.5,4381,19269,"May 25, 2018","Walt Disney Studios Motion Pictures",5.2,2018,"Adventure","Science Fiction",330400000,"133d44a6-0366-3864-9af9-b1f1f3433e97",2.53217571388387,2018-05-25,"Spring",26.1388888888889,1.26191403062201,4.85203026391962
"Sonic the Hedgehog",120,76,44,120,0.633333333333333,192,58018348,148974665,0.4,4.167,13923,"Feb 14, 2020","Paramount Pictures",4.6,2020,"Adventure","Kids Fiction",9e+07,"830ee800-ff39-3bbb-b43b-5d2cdafab169",2.5677164230874,2020-02-14,"Winter",27.1111111111111,1.27192573372498,4.79579054559674
"Sonic the Hedgehog 2",70,51,19,70,0.728571428571429,129,72105176,190872904,37.8,4234,17030,"Apr 8, 2022","Paramount Pictures",7.5,2022,"Adventure","Kids Fiction",9e+07,"3ca56f59-864d-3b87-82cb-5fa85ce2b0db",2.64714566399505,2022-04-08,"Spring",27.8611111111111,1.29394485180081,4.26267987704132
"Spectre",135,88,47,135,0.651851851851852,137,70403148,200074609,35.2,3929,17918,"Nov 6, 2015","Sony Pictures Releasing",6,2015,"Action","Contemporary Fiction",2.45e+08,"814e935d-1315-3f5f-8c49-52e52488989e",2.84184180230123,2015-11-06,"Autumn",26.4166666666667,1.34595188762699,4.91265488573605
"Spider-Man 2",133,122,11,133,0.917293233082707,94,88156227,373585825,23.6,4152,21232,"Jun 30, 2004","Sony Pictures Releasing",7.2,2004,"Adventure","Super Hero",2e+08,"161dddb8-84c7-3ded-b9ed-0b2381422464",4.23777012371457,2004-06-30,"Summer",42.8055555555556,1.65589585885189,4.89783979995091
"Spider-Man 3",99,60,39,99,0.606060606060606,27,151116516,336530303,44.9,4252,35540,"May 4, 2007","Sony Pictures Releasing",6.5,2007,"Adventure","Super Hero",2.58e+08,"b2edf9af-70bb-3795-bff0-8867843b4925",2.22695911676524,2007-05-04,"Spring",24.3055555555556,1.17154024387437,4.60517018598809
"Spider-Man: Across the Spider-Verse",190,183,7,190,0.963157894736842,53,120663589,381311319,31.6,4313,27976,"Jun 2, 2023","Columbia Pictures",6.9,2023,"Adventure","Super Hero",1e+08,"27539355-4940-4c29-aaab-d3fe4dafa4ee",3.16011915574631,2023-06-02,"Summer",33.1388888888889,1.42554371707121,5.25227342804663
"Spider-Man: Far From Home",233,205,28,233,0.879828326180258,85,92579212,390532085,23.7,4634,19978,"Jul 2, 2019","Sony Pictures Releasing",7.2,2019,"Action","Super Hero",1.6e+08,"e30a2b53-f8e0-35f2-a0a2-cac777f4bdc1",4.21835611432942,2019-07-02,"Summer",37.9444444444444,1.65218243167009,5.4553211153577
"Spider-Man: Homecoming",126,115,11,126,0.912698412698413,55,117027503,334201140,0.35,4348,26915,"Jul 7, 2017","Sony Pictures Releasing",8.1,2017,"Action","Super Hero",1.75e+08,"9510a895-440a-37d7-aa67-9f456126a2ab",2.85574870378974,2017-07-07,"Summer",27.0833333333333,1.34956520444562,4.84418708645859
"Spider-Man: No Way Home",211,193,18,211,0.914691943127962,2,260138569,804793477,32.3,4336,59995,"Dec 17, 2021","Sony Pictures Releasing",14.8,2021,"Action","Super Hero",2e+08,"37409a82-f3ab-3187-b0da-efeefa489456",3.09371071000241,2021-12-17,"Winter",33.4722222222222,1.4094518227987,5.35658627467201
"Star Trek",258,244,14,258,0.945736434108527,121,75204289,257730019,29.2,3849,19538,"May 8, 2009","Paramount Pictures",7.4,2009,"Action","Science Fiction",1.4e+08,"94813ccb-6c7d-3e0a-a635-81d828ab78ab",3.42706542973899,2009-05-08,"Spring",26.9444444444444,1.48773693334239,5.55682806169954
"Star Trek Beyond",111,86,25,111,0.774774774774775,186,59253211,158848340,37.3,3.928,15084,"Jul 22, 2016","Paramount Pictures",5.2,2016,"Adventure","Science Fiction",1.85e+08,"6cc568f8-7c72-36bc-a403-9a8f04181d6c",2.68083935569331,2016-07-22,"Summer",26.8611111111111,1.30314081195946,4.71849887129509
"Star Trek Into Darkness",109,97,12,109,0.889908256880734,139,70165559,228778661,30.7,3868,18140,"May 16, 2013","Paramount Pictures",5.8,2013,"Adventure","Science Fiction",1.9e+08,"5a1b6255-3a4e-32b5-8369-72d11f2128c2",3.26055495403379,2013-05-16,"Spring",28.9722222222222,1.44939942269671,4.70048036579242
"Star Wars: Episode III - Revenge of the Sith",100,83,17,100,0.83,62,108435841,380270577,28.5,3661,29619,"May 19, 2005","Twentieth Century Fox",8.1,2005,"Adventure","Science Fiction",1.15e+08,"2ce28849-980d-3c3b-bcca-bd0b38dfec9f",3.50687165325715,2005-05-19,"Spring",32.25,1.50560326610249,4.61512051684126
"Star Wars: The Force Awakens",86,73,13,86,0.848837209302326,4,247966675,936662225,26.5,4134,59982,"Dec 18, 2015","Walt Disney Studios Motion Pictures",9.2,2015,"Adventure","Science Fiction",533200000,"83b1f72e-6dd5-3538-89dd-b10e57016fbf",3.77737139476504,2015-12-18,"Winter",30.1666666666667,1.56389047783016,4.46590811865458
"Star Wars: The Last Jedi",122,104,18,122,0.852459016393443,5,220009584,620181382,35.5,4232,51987,"Dec 15, 2017","Walt Disney Studios Motion Pictures",6.7,2017,"Adventure","Science Fiction",2.62e+08,"ad34316e-4d9c-3f65-a3cf-4a2174e294a1",2.81888348100326,2017-12-15,"Winter",28.8888888888889,1.33995809743576,4.81218435537242
"Star Wars: The Rise of Skywalker",198,93,105,198,0.46969696969697,15,177383864,515202542,34.4,4406,40259,"Dec 20, 2019","Walt Disney Studios Motion Pictures",6.7,2019,"Adventure","Science Fiction",2.75e+08,"d7083795-3ab7-3b17-9717-bbe6401ffd79",2.904449877132,2019-12-20,"Winter",27.25,1.36211689683292,5.29330482472449
"Straight Outta Compton",88,82,6,88,0.931818181818182,182,60200180,161197785,37.4,2.757,21835,"Aug 14, 2015","Universal Pictures",5.7,2015,"Drama","Dramatization",2.8e+07,"b00919ef-0da6-32e9-baab-fc203cc1ac70",2.67769606336725,2015-08-14,"Summer",28.6388888888889,1.30228648638018,4.48863636973214
"Suicide Squad",113,25,88,113,0.221238938053097,41,133682248,325100054,41.1,4255,31417,"Aug 5, 2016","Warner Bros.",7.4,2016,"Action","Super Hero",1.75e+08,"1e6b9ec8-b7de-3097-a46b-6fb264532b21",2.43188649849754,2016-08-05,"Summer",30.6666666666667,1.23311010954549,4.7361984483945
"Superman Returns",120,87,33,120,0.725,235,52535096,200081192,26.3,4.065,12923,"Jun 28, 2006","Warner Bros.",5.5,2006,"Adventure","Super Hero",2.32e+08,"4172e53a-d9ad-361d-936d-af46759fe0de",3.80852434342178,2006-06-28,"Summer",38.0277777777778,1.5703902477388,4.79579054559674
"Taken 2",74,21,53,74,0.283783783783784,254,49514769,139854287,35.4,3.661,13524,"Oct 5, 2012","Twentieth Century Fox",6.6,2012,"Thriller","Contemporary Fiction",4.5e+07,"88b28817-cfac-3330-8b3e-b4d870e386e8",2.82449640429505,2012-10-05,"Autumn",22.1944444444444,1.34142679960286,4.31748811353631
"Talladega Nights: The Ballad of Ricky Bobby",120,85,35,120,0.708333333333333,271,47042215,148213377,31.7,3.803,12369,"Aug 4, 2006","Sony Pictures Releasing",6.5,2006,"Comedy","Contemporary Fiction",7.3e+07,"d2cfe03d-319b-3350-b10b-29882bb36d9c",3.15064622275971,2006-08-04,"Summer",28.1944444444444,1.42326403844772,4.79579054559674
"Tangled",93,82,11,93,0.881720430107527,260,48767052,200821936,24.3,3.603,13535,"Nov 24, 2010","Walt Disney Studios Motion Pictures",9,2010,"Adventure","Kids Fiction",2.6e+08,"ef0724cc-185c-329e-88e9-51f03d62871e",4.11798392078324,2010-11-24,"Autumn",34.75,1.63276059603341,4.54329478227
"Ted",112,82,30,112,0.732142857142857,224,54415205,218815487,24.9,3.239,16800,"Jun 29, 2012","Universal Pictures",7.6,2012,"Comedy","Contemporary Fiction",5e+07,"75443d2e-4f88-3c01-93aa-daa8f2e1343b",4.02121956537699,2012-06-29,"Summer",33.6111111111111,1.61367284550833,4.72738781871234
"Teenage Mutant Ninja Turtles",55,11,44,55,0.2,160,65575105,191204754,34.3,3845,17054,"Aug 8, 2014","Paramount Pictures",7,2014,"Adventure","Super Hero",1.25e+08,"f6ccece7-a312-3de8-bd8b-1a4678a20fac",2.91581315805747,2014-08-08,"Summer",26.3888888888889,1.36502301108297,4.02535169073515
"Terminator Salvation",152,48,104,152,0.31578947368421,307,42558390,125322469,0.3,3.53,12056,"May 21, 2009","Warner Bros.",5,2009,"Action","Science Fiction",2e+08,"7fa597c7-b595-39c8-bb6f-66d2baab1739",2.94471827999132,2009-05-21,"Spring",28.9444444444444,1.37237753983187,5.03043792139244
"The Amazing Spider-Man",130,89,41,130,0.684615384615385,174,62004688,262030663,23.7,4.318,14359,"Jul 3, 2012","Sony Pictures Releasing",5.2,2012,"Action","Super Hero",2.2e+08,"ef80c7c5-c319-3a49-91d9-63bd230d4d81",4.22598147740055,2012-07-03,"Summer",28,1.65364262277537,4.87519732320115
"The Amazing Spider-Man 2",70,30,40,70,0.428571428571429,86,91608337,202853933,45.2,4324,21186,"May 2, 2014","Sony Pictures Releasing",5.2,2014,"Action","Super Hero",2e+08,"1ce8792a-fb45-3bd8-a726-22005f03e075",2.21436104663705,2014-05-02,"Spring",24.6666666666667,1.16762859661195,4.26267987704132
"The Batman",215,187,28,215,0.869767441860465,40,134008624,369345583,36.3,4417,30339,"Mar 4, 2022","Warner Bros.",6.8,2022,"Action","Super Hero",2e+08,"60f1eca0-6a51-3cb2-95b6-3ab959ba6e87",2.75613294111579,2022-03-04,"Spring",30.2222222222222,1.32338995505293,5.37527840768417
"The Boss Baby",138,86,52,138,0.623188405797101,251,50198902,175003033,28.7,3.773,13304,"Mar 31, 2017","Twentieth Century Fox",8.2,2017,"Adventure","Kids Fiction",1.25e+08,"33bebe51-a295-3f3c-9315-218f863fe8b9",3.48619244699814,2017-03-31,"Spring",20.5555555555556,1.50100433464245,4.93447393313069
"The Bourne Supremacy",118,100,18,118,0.847457627118644,236,52521865,176241941,29.8,3.165,16594,"Jul 23, 2004","Universal Pictures",7.7,2004,"Thriller","Contemporary Fiction",8.5e+07,"d22e4f04-7282-3bc6-a1ed-e8133b9166e8",3.35559182827952,2004-07-23,"Summer",26,1.47146049734684,4.77912349311153
"The Bourne Ultimatum",134,126,8,134,0.940298507462687,143,69283690,227471070,30.5,366,18929,"Aug 3, 2007","Universal Pictures",8.2,2007,"Thriller","Contemporary Fiction",1.3e+08,"b41a1cf5-c300-3eb1-9d7c-6947d745e0f6",3.28318353136214,2007-08-03,"Summer",26.8888888888889,1.4546965488387,4.90527477843843
"The Chronicles of Narnia: Prince Caspian",95,62,33,95,0.652631578947368,215,55034805,141621490,38.9,3.929,14007,"May 16, 2008","Walt Disney Studios Motion Pictures",5.4,2008,"Adventure","Fantasy",2.25e+08,"01542ce2-2799-3548-ba0b-65aeb84dd565",2.57330774588917,2008-05-16,"Spring",19.3611111111111,1.27349170628356,4.56434819146784
"The Chronicles of Narnia: The Lion, the Witch and the Wardrobe",105,81,24,105,0.771428571428571,161,65556312,291710957,22.5,3616,18129,"Dec 9, 2005","Walt Disney Studios Motion Pictures",8.7,2005,"Adventure","Fantasy",1.8e+08,"08cb7400-77d3-394a-9054-a6843e4f0dda",4.44977681172791,2005-12-09,"Winter",42,1.69557465586007,4.66343909411207
"The Conjuring",82,74,8,82,0.902439024390244,311,41855326,137400141,30.5,2.903,14417,"Jul 19, 2013","Warner Bros.",6,2013,"Horror","Fantasy",2e+07,"5aff6a2c-e35b-34b9-90c7-364aeadd4ff3",3.28273971632666,2013-07-19,"Summer",27.9722222222222,1.45459292544095,4.4188406077966
"The Conjuring 2",99,83,16,99,0.838383838383838,331,40406314,102470008,39.4,3343,12086,"Jun 10, 2016","Warner Bros.",4.2,2016,"Horror","Fantasy",4e+07,"3ff55141-66e2-3a0b-9bb9-2c49ead9ba84",2.53598999403905,2016-06-10,"Summer",23.8611111111111,1.26299331503131,4.60517018598809
"The Croods",58,43,15,58,0.741379310344828,304,43639736,187168425,23.3,4.046,10785,"Mar 22, 2013","Twentieth Century Fox",8.6,2013,"Adventure","Kids Fiction",1.35e+08,"cad3380d-6342-3b38-ade8-e4b13c3cb834",4.28894494228838,2013-03-22,"Spring",32.6666666666667,1.66561878217683,4.07753744390572
"The Da Vinci Code",116,32,84,116,0.275862068965517,116,77073388,217536138,35.4,3735,20635,"May 19, 2006","Sony Pictures Releasing",6.2,2006,"Adventure","Contemporary Fiction",1.25e+08,"8e3cf629-fda1-3e57-8b02-5dd5ea0fb22e",2.82245459353623,2006-05-19,"Spring",26.3333333333333,1.34089278001573,4.76217393479776
"The Dark Knight",104,99,5,104,0.951923076923077,22,158411483,533345358,29.7,4366,36282,"Jul 18, 2008","Warner Bros.",9,2008,"Action","Super Hero",1.85e+08,"6263201f-baf8-3312-a482-f8dec3edd662",3.36683520600587,2008-07-18,"Summer",27.1944444444444,1.4740385375894,4.65396035015752
"The Dark Knight Rises",89,76,13,89,0.853932584269663,21,160887295,448139099,35.9,4404,36532,"Jul 20, 2012","Warner Bros.",7.4,2012,"Action","Super Hero",2.3e+08,"4cce0287-cff7-3d82-9914-ddf9ec69f986",2.7854225468829,2012-07-20,"Summer",20.8055555555556,1.33115751787981,4.49980967033027
"The Day After Tomorrow",111,50,61,111,0.45045045045045,146,68743584,186740799,36.8,3425,20071,"May 28, 2004","Twentieth Century Fox",5.8,2004,"Adventure","Science Fiction",1.25e+08,"f72c54d2-aab0-3826-83ff-6219dd376201",2.71648331573751,2004-05-28,"Spring",23,1.31277787593259,4.71849887129509
"The Divergent Series: Insurgent",120,28,92,120,0.233333333333333,237,52263680,130179072,40.2,3.875,13487,"Mar 20, 2015","Lionsgate",5.9,2015,"Action","Science Fiction",1.1e+08,"9881a184-3c56-3e79-9256-9c36a1c15dba",2.49081335259974,2015-03-20,"Spring",25.9166666666667,1.2501347613827,4.79579054559674
"The Fate of the Furious",88,60,28,88,0.681818181818182,74,98786705,226008385,43.7,431,22920,"Apr 14, 2017","Universal Pictures",5.7,2017,"Action","Contemporary Fiction",2.5e+08,"16c39ad7-8352-34c2-8fcf-66ad01d149b0",2.28784212409959,2017-04-14,"Spring",21.5555555555556,1.19023146025634,4.48863636973214
"The Fault in Our Stars",78,64,14,78,0.82051282051282,263,48002523,124872350,38.4,3.173,15128,"Jun 6, 2014","Twentieth Century Fox",5.3,2014,"Drama","Contemporary Fiction",1.2e+07,"0eddbb5b-393e-3c6c-8eab-1fc31f66e565",2.60137055712676,2014-06-06,"Summer",28.9444444444444,1.28131448332327,4.36944785246702
"The Flash",128,76,52,128,0.59375,214,55043679,108133313,50.9,4.234,13000,"Jun 16, 2023","Warner Bros.",3.3,2023,"Action","Super Hero",2e+08,"7807e2b5-72d7-3dc7-8cd4-b9482b82fe01",1.96450010181914,2023-06-16,"Summer",27.0555555555556,1.08670841851143,4.85981240436167
"The Great Gatsby",133,73,60,133,0.548872180451128,253,50085185,144840419,34.6,3.535,14168,"May 10, 2013","Warner Bros.",5.4,2013,"Drama","Historical Fiction",1.9e+08,"5a1f1493-9f16-3677-a3e6-9c13646fcff8",2.89188148151993,2013-05-10,"Spring",29.1944444444444,1.35889271204096,4.89783979995091
"The Hangover",142,111,31,142,0.78169014084507,290,44979319,277322503,16.2,3.269,13759,"Jun 5, 2009","Warner Bros.",10.1,2009,"Comedy","Contemporary Fiction",3.5e+07,"678b5707-a1fe-35d5-b5ae-9ad34bf380b3",6.16555584134122,2009-06-05,"Summer",44.1388888888889,1.96928563556932,4.96284463025991
"The Hangover Part II",131,47,84,131,0.358778625954198,96,85946294,254464305,33.8,3615,23774,"May 26, 2011","Warner Bros.",5.9,2011,"Comedy","Contemporary Fiction",8e+07,"30c99c93-3e26-3a93-9744-6cd2ebe101c8",2.96073621277958,2011-05-26,"Spring",29.3611111111111,1.37642992030491,4.88280192258637
"The Hangover Part III",124,21,103,124,0.169354838709677,314,41671198,112200072,37.1,3.555,11721,"May 23, 2013","Warner Bros.",4.4,2013,"Comedy","Contemporary Fiction",1.03e+08,"b55dc0e0-fa4c-3b4d-9dd1-211b0d1e49e8",2.69250891227077,2013-05-23,"Spring",26.3611111111111,1.30630614903478,4.8283137373023
"The Hobbit: An Unexpected Journey",106,65,41,106,0.613207547169811,101,84617303,303003568,27.9,4045,20918,"Dec 14, 2012","Warner Bros.",6.8,2012,"Adventure","Fantasy",2e+08,"7bf656a0-f271-30ce-b3a3-37688a69444f",3.58087007334658,2012-12-14,"Winter",32.75,1.52188895243005,4.67282883446191
"The Hobbit: The Battle of the Five Armies",111,68,43,111,0.612612612612613,218,54724334,255119788,21.4,3.875,14122,"Dec 17, 2014","Warner Bros.",5.6,2014,"Adventure","Fantasy",2.5e+08,"92b1cdbc-d7f1-3217-970d-1fcb5c6cd248",4.66190758940986,2014-12-17,"Winter",47.0555555555556,1.73376086536433,4.71849887129509
"The Hobbit: The Desolation of Smaug",87,67,20,87,0.770114942528736,126,73645197,258366855,28.5,3903,18868,"Dec 13, 2013","Warner Bros.",6.4,2013,"Adventure","Fantasy",2.5e+08,"92ced6d7-3257-3295-882e-dd6fd52457c4",3.50826483633413,2013-12-13,"Winter",32.7222222222222,1.5059123425296,4.47733681447821
"The Hunger Games",99,81,18,99,0.818181818181818,26,152535747,408010692,37.4,4137,36871,"Mar 23, 2012","Lionsgate",9.1,2012,"Action","Science Fiction",8e+07,"0bd9abe5-cfc5-3097-b95c-f53e046310c2",2.67485294447078,2012-03-23,"Spring",31.8333333333333,1.30151311675418,4.60517018598809
"The Hunger Games: Catching Fire",162,144,18,162,0.888888888888889,23,158074286,424668047,37.2,4163,37971,"Nov 22, 2013","Lionsgate",7.3,2013,"Adventure","Science Fiction",1.3e+08,"d3a4cc97-51da-38d6-b51d-b84c4c425b99",2.68650934788976,2013-11-22,"Autumn",25.5555555555556,1.30468003415296,5.09375020080676
"The Hunger Games: Mockingjay, Part 1",90,55,35,90,0.611111111111111,50,121897634,337135885,36.2,4151,29365,"Nov 21, 2014","Lionsgate",7.3,2014,"Action","Science Fiction",1.25e+08,"45cd362d-6a2d-3534-8b89-6cd0a86ab925",2.76572952187079,2014-11-21,"Autumn",27.3888888888889,1.32594160659112,4.51085950651685
"The Hunger Games: Mockingjay, Part 2",94,62,32,94,0.659574468085106,71,102665981,281723902,36.4,4175,24590,"Nov 20, 2015","Lionsgate",6.1,2015,"Action","Science Fiction",1.6e+08,"9490ee80-dd55-3bb1-8e05-4b30c6b3606f",2.74408230706917,2015-11-20,"Autumn",24.6944444444444,1.32017654209945,4.55387689160054
"The Hunger Games: The Ballad of Songbirds & Snakes",126,81,45,126,0.642857142857143,293,44607143,166350594,26.8,3.776,11813,"Nov 17, 2023","Lionsgate",6.9,2023,"Action","Science Fiction",1e+08,"79e469fc-8455-3efb-947a-9c00eb69ab0b",3.72923668301285,2023-11-17,"Autumn",34.1111111111111,1.55376381168249,4.84418708645859
"The Incredible Hulk",115,73,42,115,0.634782608695652,209,55414050,134806913,41.1,3.505,15810,"Jun 13, 2008","Universal Pictures",5,2008,"Adventure","Super Hero",137500000,"8061ee78-2e4d-3285-922d-c6a107a0c32a",2.43272081719347,2008-06-13,"Summer",24.2777777777778,1.23335318789263,4.75359019110636
"The Incredibles",138,134,4,138,0.971014492753623,136,70467623,261441092,0.27,3933,17917,"Nov 5, 2004","Walt Disney Studios Motion Pictures",8.3,2004,"Adventure","Super Hero",9.2e+07,"9ddacc49-1918-3722-b5d9-4a1fa6b9b2a3",3.71008813508581,2004-11-05,"Autumn",32.6111111111111,1.5497066201857,4.93447393313069
"The Jungle Book",126,120,6,126,0.952380952380952,67,103261464,364001123,28.4,4028,25635,"Apr 15, 2016","Walt Disney Studios Motion Pictures",8.1,2016,"Adventure","Fantasy",1.75e+08,"a36c4dfb-9dc2-3382-ba73-0ab2553fb57b",3.52504321457228,2016-04-15,"Spring",24.7222222222222,1.50962712728801,4.84418708645859
"The Karate Kid",104,72,32,104,0.692307692307692,207,55665805,176591618,31.5,3.663,15196,"Jun 11, 2010","Sony Pictures Releasing",5.7,2010,"Action","Contemporary Fiction",4e+07,"f48ba4a1-09e4-3506-a7cc-0dee7e22ac7d",3.17235361996472,2010-06-11,"Summer",29.3611111111111,1.42848029384492,4.65396035015752
"The Last Airbender",88,6,82,88,0.0681818181818182,333,40325019,131772187,30.6,3169,12724,"Jul 1, 2010","Paramount Pictures",4.6,2010,"Adventure","Fantasy",1.5e+08,"1a70a698-e026-3b6d-847d-394023c83f0f",3.267752632677,2010-07-01,"Summer",29.1388888888889,1.45108737315558,4.48863636973214
"The LEGO Batman Movie",100,90,10,100,0.9,233,53003468,175750384,30.2,4.088,12965,"Feb 10, 2017","Warner Bros.",6.5,2017,"Adventure","Kids Fiction",8e+07,"63ccb184-5e57-33d2-889d-6dbc482d925f",3.31582801336697,2017-02-10,"Winter",32.8611111111111,1.46228919798444,4.61512051684126
"The LEGO Movie",105,100,5,105,0.952380952380952,145,69050279,257760692,26.8,3775,18291,"Feb 7, 2014","Warner Bros.",8.4,2014,"Adventure","Kids Fiction",6e+07,"421ddfb0-1b0c-3130-a157-ae321ce6d6aa",3.73294207833686,2014-02-07,"Winter",29.1111111111111,1.55454701301632,4.66343909411207
"The Lion King",164,78,86,164,0.475609756097561,9,191770759,543638043,35.3,4725,40586,"Jul 19, 2019","Walt Disney Studios Motion Pictures",8.5,2019,"Adventure","Kids Fiction",2.6e+08,"9057c2cf-7cab-317f-876f-e50b245ca76e",2.83483282766796,2019-07-19,"Summer",30.1666666666667,1.34412584264822,5.10594547390058
"The Little Mermaid",136,83,53,136,0.610294117647059,79,95578040,298172056,0.32,432,22124,"May 26, 2023","Walt Disney Studios Motion Pictures",6.7,2023,"Musical","Kids Fiction",2.5e+08,"57fc418a-fde1-3529-ba22-8f281d298574",3.11967117132764,2023-05-26,"Spring",33.0277777777778,1.41577334739167,4.91998092582813
"The Longest Yard",96,29,67,96,0.302083333333333,267,47606480,158119460,30.1,3.634,13100,"May 27, 2005","Paramount Pictures",6.3,2005,"Comedy","Contemporary Fiction",8.2e+07,"75bfd275-7ee2-38e5-b25b-f5fc79e506de",3.32138523999254,2005-05-27,"Spring",28.0277777777778,1.4635760082621,4.57471097850338
"The Martian",114,107,7,114,0.93859649122807,226,54308575,228433663,23.8,3.831,14176,"Oct 2, 2015","Twentieth Century Fox",8.3,2015,"Adventure","Science Fiction",1.08e+08,"a969b4b7-3054-3020-a50b-7a710dc9a73a",4.20621721339586,2015-10-02,"Autumn",27.9722222222222,1.64985352936617,4.74493212836325
"The Marvels",158,98,60,158,0.620253164556962,280,46110859,84500223,54.6,4.03,11441,"Nov 10, 2023","Walt Disney Studios Motion Pictures",4.1,2023,"Adventure","Super Hero",2.7e+08,"10b522a5-873e-3e15-bd8b-65a079ab0b09",1.83254497601097,2023-11-10,"Autumn",25.5,1.04117559235035,5.06890420222023
"The Meg",130,56,74,130,0.430769230769231,285,45402195,145443742,31.2,4.118,11025,"Aug 10, 2018","Warner Bros.",6.5,2018,"Action","Science Fiction",1.78e+08,"33ae61f1-1fe0-3df8-a20b-273e10aadaab",3.20345177143968,2018-08-10,"Summer",29.3055555555556,1.43590603809803,4.87519732320115
"The Mummy: Tomb of the Dragon Emperor",95,9,86,95,0.0947368421052632,330,40457770,102491776,39.5,376,10760,"Aug 1, 2008","Universal Pictures",4.7,2008,"Adventure","Fantasy",1.75e+08,"7480730b-820e-3d15-a421-c2c072f01920",2.53330265113475,2008-08-01,"Summer",26.9722222222222,1.2622330287711,4.56434819146784
"The Nun",94,20,74,94,0.212765957446809,228,53807379,117450119,45.8,3.876,13882,"Sep 7, 2018","Warner Bros.",5.1,2018,"Horror","Contemporary Fiction",2.2e+07,"b57b9ed7-0029-3dde-b395-a8ef6825d996",2.18278833094621,2018-09-07,"Autumn",23.1111111111111,1.15775764622893,4.55387689160054
"The Passion of the Christ",163,77,86,163,0.47239263803681,103,83848082,370274604,22.6,3043,27554,"Feb 25, 2004","Newmarket Films",10.5,2004,"Drama","Dramatization",2.5e+07,"4de52a14-8fff-365c-9e1d-e5753d7601ae",4.4160175780765,2004-02-25,"Winter",33.0277777777778,1.68936078118752,5.0998664278242
"The Peanuts Movie",59,51,8,59,0.864406779661017,296,44213073,130178411,0.3,3.897,11345,"Nov 6, 2015","Twentieth Century Fox",5.9,2015,"Adventure","Kids Fiction",9.9e+07,"8d45d52e-0d88-367d-b937-fa6a55e5313d",2.94434207276205,2015-11-06,"Autumn",25,1.37228216542409,4.0943445622221
"The Secret Life of Pets",77,55,22,77,0.714285714285714,66,104352905,368623860,28.3,437,23879,"Jul 8, 2016","Universal Pictures",8.1,2016,"Adventure","Kids Fiction",7.5e+07,"3f191729-56b1-31c7-ab26-eae017888cce",3.5324733892171,2016-07-08,"Summer",37.8055555555556,1.51126779252475,4.35670882668959
"The Secret Life of Pets 2",69,43,26,69,0.623188405797101,274,46652680,158980250,29.3,4.561,10228,"Jun 7, 2019","Universal Pictures",5.7,2019,"Adventure","Kids Fiction",8e+07,"9c18a32e-7c1e-334b-bb96-5cf1bbaac17d",3.40774099151431,2019-06-07,"Summer",44.4722222222222,1.48336231139338,4.24849524204936
"The Simpsons Movie",96,87,9,96,0.90625,124,74036787,183135014,40.4,3922,18877,"Jul 27, 2007","Twentieth Century Fox",6,2007,"Adventure","Contemporary Fiction",72500000,"b58e6514-77cb-3bb0-94e0-738ee00f6340",2.4735678224394,2007-07-27,"Summer",26.1388888888889,1.24518225663727,4.57471097850338
"The SpongeBob Movie: Sponge Out of Water",41,34,7,41,0.829268292682927,210,55365012,162994032,0.3,3.641,15205,"Feb 6, 2015","Paramount Pictures",7,2015,"Adventure","Kids Fiction",7.4e+07,"ab4c2ecb-67f3-357d-ab2d-e5aa0539a366",2.94398982519863,2015-02-06,"Winter",21.0555555555556,1.37219285691927,3.73766961828337
"The Super Mario Bros. Movie",180,108,72,180,0.6,31,146361865,574934330,25.5,4343,33700,"Apr 5, 2023","Universal Pictures",9.2,2023,"Adventure","Kids Fiction",1e+08,"fb281f3f-c572-37fb-ab30-3b0ee07d8454",3.92817029217276,2023-04-05,"Spring",36.0555555555556,1.59496778167572,5.19849703126583
"The Twilight Saga: Breaking Dawn Part 1",98,24,74,98,0.244897959183673,36,138122261,281287133,49.1,4061,34011,"Nov 18, 2011","Summit Entertainment",6.1,2011,"Drama","Fantasy",127500000,"e2df6792-6d4f-3931-9d4a-ac5efd6559e0",2.03650831490515,2011-11-18,"Autumn",27.3611111111111,1.11070827467058,4.59511985013459
"The Twilight Saga: Breaking Dawn Part 2",65,25,40,65,0.384615384615385,35,141067634,292324737,48.3,407,34660,"Nov 16, 2012","Lionsgate",5.9,2012,"Drama","Fantasy",136200000,"c81d2533-aa7e-3f69-afb9-6c683bc64eb3",2.0722310902301,2012-11-16,"Autumn",23.0833333333333,1.12240403714047,4.18965474202643
"The Twilight Saga: Eclipse",138,76,62,138,0.550724637681159,165,64832191,300531751,21.6,4468,14510,"Jun 30, 2010","Summit Entertainment",5.5,2010,"Drama","Fantasy",6.8e+07,"436b5ba4-8324-32e6-a477-6115af686000",4.63553284818031,2010-06-30,"Summer",29.5,1.72909170347909,4.93447393313069
"The Twilight Saga: New Moon",102,32,70,102,0.313725490196078,34,142839137,296623634,48.2,4024,35496,"Nov 20, 2009","Summit Entertainment",6.5,2009,"Drama","Fantasy",5e+07,"75737c37-5c36-3c46-bae9-d604e7a27df9",2.07662717816616,2009-11-20,"Autumn",23.8055555555556,1.12383392493205,4.63472898822964
"The Village",132,54,78,132,0.409090909090909,245,50746142,114197520,44.4,3.73,13604,"Jul 30, 2004","Walt Disney Studios Motion Pictures",4.6,2004,"Thriller","Contemporary Fiction",71682975,"77818389-2969-3bc5-be9a-d7224e4cf61e",2.2503685107727,2004-07-30,"Summer",22.75,1.17876837784378,4.89034912822175
"The Vow",65,17,48,65,0.261538461538462,320,41202458,125014030,33,2958,13929,"Feb 10, 2012","Screen Gems",6.5,2012,"Drama","Historical Fiction",3e+07,"de271fb8-c5d7-3cee-8622-b109e49aa4f7",3.03414009911739,2012-02-10,"Winter",24.1111111111111,1.3947931685069,4.18965474202643
"The Wolverine",93,65,28,93,0.698924731182796,232,53113752,132556852,40.1,3.924,13535,"Jul 26, 2013","Twentieth Century Fox",4.7,2013,"Action","Super Hero",1.15e+08,"b301b885-1a2f-381f-a101-ce51ddaad5d3",2.49571621300638,2013-07-26,"Summer",25.0555555555556,1.2515382797291,4.54329478227
"Thor",112,77,35,112,0.6875,159,65723338,181030624,36.3,3955,16617,"May 6, 2011","Paramount Pictures",5.7,2011,"Action","Super Hero",1.5e+08,"74485c7b-8cec-3370-9b67-f5b17d46450c",2.75443441414981,2011-05-06,"Spring",24.2222222222222,1.32293765180749,4.72738781871234
"Thor: Love and Thunder",178,108,70,178,0.606741573033708,33,144165107,343256830,0.42,4375,32952,"Jul 8, 2022","Walt Disney Studios Motion Pictures",7.7,2022,"Action","Super Hero",2.5e+08,"0e71cf84-e236-3ed7-9d91-3df34e6b2fae",2.38099799003375,2022-07-08,"Summer",24.8333333333333,1.21817092923688,5.18738580584075
"Thor: Ragnarok",108,95,13,108,0.87962962962963,49,122744989,315058289,0.39,408,30084,"Nov 3, 2017","Walt Disney Studios Motion Pictures",6.5,2017,"Action","Super Hero",1.8e+08,"a5e462a4-3e04-3db8-8fc4-46ad1144edc7",2.56677108830895,2017-11-03,"Autumn",22.7777777777778,1.27166072946715,4.69134788222914
"Thor: The Dark World",81,46,35,81,0.567901234567901,97,85737841,206362140,41.6,3841,22321,"Nov 8, 2013","Walt Disney Studios Motion Pictures",6.2,2013,"Action","Super Hero",1.5e+08,"6f0cd05c-4a2d-3f04-8c29-144523fd4db7",2.40689685666333,2013-11-08,"Autumn",24.7222222222222,1.22580186427379,4.40671924726425
"Top Gun: Maverick",195,185,10,195,0.948717948717949,45,126707459,718732821,17.6,4735,26759,"May 27, 2022","Paramount Pictures",14.6,2022,"Action","Contemporary Fiction",1.77e+08,"db97d08b-0855-3d42-890f-829fddbdb1fa",5.67237972154425,2022-05-27,"Spring",40.9166666666667,1.89797657613846,5.27811465923052
"Toy Story 3",146,143,3,146,0.979452054794521,60,110307189,415004880,26.6,4028,27385,"Jun 18, 2010","Walt Disney Studios Motion Pictures",8.4,2010,"Adventure","Kids Fiction",2e+08,"9ca85aae-f704-379e-a1ea-26990e4ddf83",3.76226503242685,2010-06-18,"Summer",32,1.56072340221248,4.99043258677874
"Toy Story 4",189,181,8,189,0.957671957671958,52,120908065,434038008,27.9,4575,26427,"Jun 21, 2019","Walt Disney Studios Motion Pictures",8.3,2019,"Adventure","Kids Fiction",2e+08,"e0b25a6e-2d4f-3688-af28-49df978f4a94",3.5898184955652,2019-06-21,"Summer",34.0555555555556,1.52384047984074,5.24702407216049
"Transformers",109,60,49,109,0.55045871559633,135,70502384,319246193,22.1,4011,17577,"Jul 3, 2007","DreamWorks",6.4,2007,"Action","Science Fiction",1.51e+08,"c7627c95-c824-36eb-9226-12fd6841081b",4.52816167180957,2007-07-03,"Summer",33.3611111111111,1.70985533202352,4.70048036579242
"Transformers: Age of Extinction",103,19,84,103,0.184466019417476,73,100038390,245439076,40.8,4233,23632,"Jun 27, 2014","Paramount Pictures",5.2,2014,"Action","Science Fiction",2.1e+08,"bc87bf95-9fb3-3506-9ced-191794d7bc16",2.45344888097459,2014-06-27,"Summer",25.4166666666667,1.23937340734514,4.64439089914137
"Transformers: Dark of the Moon",118,40,78,118,0.338983050847458,76,97852865,352390543,27.8,4088,23936,"Jun 29, 2011","DreamWorks",5.7,2011,"Action","Science Fiction",1.95e+08,"9553f05e-0c05-38bf-895f-dc430a4cd09b",3.60122867123001,2011-06-29,"Summer",32.9722222222222,1.52632337027085,4.77912349311153
"Transformers: Revenge of the Fallen",109,19,90,109,0.174311926605505,61,108966307,402111870,27.1,4234,25736,"Jun 24, 2009","DreamWorks",6.7,2009,"Action","Science Fiction",2.1e+08,"2a2f1348-e952-3df8-b6f0-01ab161718dd",3.69024041532398,2009-06-24,"Summer",31.7222222222222,1.54548384240748,4.70048036579242
"Transformers: Rise of the Beasts",107,54,53,107,0.504672897196262,177,61045464,157341749,38.8,3.678,16597,"Jun 9, 2023","Paramount Pictures",5.3,2023,"Action","Science Fiction",1.95e+08,"ce0d1ce3-bf02-3105-af7c-2d2303af81ec",2.57745192992554,2023-06-09,"Summer",26.6388888888889,1.27465079557987,4.68213122712422
"Transformers: The Last Knight",107,14,93,107,0.130841121495327,292,44680073,130168683,34.3,4.069,10980,"Jun 21, 2017","Paramount Pictures",3.9,2017,"Action","Science Fiction",2.17e+08,"f4afdea4-1385-31da-9ca1-5e1814be5937",2.91334982823327,2017-06-21,"Summer",38.1388888888889,1.36439374077405,4.68213122712422
"Trolls",96,72,24,96,0.75,277,46581142,153856089,30.3,4.06,11473,"Nov 4, 2016","Twentieth Century Fox",6.4,2016,"Adventure","Kids Fiction",1.25e+08,"af0e345f-abcd-3031-845e-fab0e712abc1",3.3029694505987,2016-11-04,"Autumn",32.3333333333333,1.45930535427251,4.57471097850338
"Tron: Legacy",90,47,43,90,0.522222222222222,298,44026211,172062763,25.6,3.451,12757,"Dec 17, 2010","Walt Disney Studios Motion Pictures",6.4,2010,"Adventure","Science Fiction",2e+08,"e1f277e4-97ce-3f45-a279-dc18aeb132fa",3.90818921482932,2010-12-17,"Winter",36.9722222222222,1.59090507843426,4.51085950651685
"Troy",161,92,69,161,0.571428571428571,273,46865412,133378256,35.1,3.411,13739,"May 14, 2004","Warner Bros.",5.5,2004,"Action","Historical Fiction",1.5e+08,"6badf2a0-db3a-3a5b-bb06-94732f24c209",2.84598492380692,2004-05-14,"Spring",28.1111111111111,1.34702972719191,5.08759633523238
"Twilight",124,67,57,124,0.540322580645161,141,69637740,192769854,36.1,3419,20367,"Nov 21, 2008","Summit Entertainment",7.3,2008,"Drama","Fantasy",3.7e+07,"f7c1241b-a47b-386f-b476-f1991e5278a7",2.76818078817607,2008-11-21,"Autumn",36.5833333333333,1.32659233543999,4.8283137373023
"Tyler Perry's Madea Goes to Jail",42,10,32,42,0.238095238095238,324,41030947,90508336,45.3,2032,20192,"Feb 20, 2009","Lionsgate",5.7,2009,"Comedy","Contemporary Fiction",17500000,"9ce15d13-f015-3659-b164-a80cfaef6a2f",2.20585539982784,2009-02-20,"Winter",23.8888888888889,1.16497895018449,3.76120011569356
"Uncharted",104,44,60,104,0.423076923076923,299,44010155,148648820,29.6,4.275,10294,"Feb 18, 2022","Sony Pictures Releasing",7.8,2022,"Adventure","Contemporary Fiction",1.2e+08,"957b20be-2056-3318-9e77-1c7fef3aca9b",3.37760273736823,2022-02-18,"Winter",29.1944444444444,1.4765012543184,4.65396035015752
"Up",100,98,2,100,0.98,147,68108790,293004164,23.2,3766,18085,"May 29, 2009","Walt Disney Studios Motion Pictures",7.8,2009,"Adventure","Contemporary Fiction",1.75e+08,"2d49ba33-54d4-337c-9f27-f05a9349ed12",4.30200219384311,2009-05-29,"Spring",34.3888888888889,1.66808452164327,4.61512051684126
"Us",241,227,14,241,0.941908713692946,131,71117625,175084580,40.6,3741,19010,"Mar 22, 2019","Universal Pictures",5,2019,"Horror","Contemporary Fiction",4500000,"9468d7f0-a6e6-3e85-b973-571392b1b173",2.46190139223575,2019-03-22,"Spring",28.9166666666667,1.24181797345864,5.48893772615669
"Van Helsing",177,39,138,177,0.220338983050847,240,51748040,120177084,43.1,3.575,14474,"May 7, 2004","Universal Pictures",5.2,2004,"Action","Historical Fiction",1.7e+08,"ce39bd95-a33d-3d51-a691-62bf4efbd0fb",2.32235045037455,2004-05-07,"Spring",26.1666666666667,1.20067249941828,5.18178355029209
"Venom",171,48,123,171,0.280701754385965,109,80255756,213515506,37.6,425,18883,"Oct 5, 2018","Sony Pictures Releasing",5.8,2018,"Action","Super Hero",1.16e+08,"51cc1ea1-ddaa-3bae-94ae-bb4ff539f815",2.66043853602226,2018-10-05,"Autumn",26.8333333333333,1.29758295882092,5.14749447681345
"WALL-E",116,111,5,116,0.956896551724138,167,63087526,223808164,28.2,3992,15803,"Jun 27, 2008","Walt Disney Studios Motion Pictures",7.8,2008,"Adventure","Science Fiction",1.8e+08,"4c42565e-9037-38bb-974f-d24395df2f1e",3.54758187854759,2008-06-27,"Summer",29.5277777777778,1.51459563642619,4.76217393479776
"Wanted",93,64,29,93,0.688172043010753,243,50927085,134508551,37.9,3.175,16040,"Jun 27, 2008","Universal Pictures",5.1,2008,"Action","Science Fiction",7.5e+07,"5c4f82c8-eb8d-3b49-a249-73037cd412ea",2.64119870595382,2008-06-27,"Summer",25.3055555555556,1.2923129422589,4.54329478227
"War for the Planet of the Apes",116,106,10,116,0.913793103448276,200,56262929,146880162,38.3,4.022,13988,"Jul 14, 2017","Twentieth Century Fox",5.4,2017,"Action","Science Fiction",1.52e+08,"58230728-f14f-3d9d-8163-c42f77862c12",2.61060283583885,2017-07-14,"Summer",26.0833333333333,1.2838747489405,4.76217393479776
"War of the Worlds",175,125,50,175,0.714285714285714,164,64878725,234280354,27.7,3908,16601,"Jun 29, 2005","Paramount Pictures",6.1,2005,"Action","Science Fiction",1.32e+08,"15b384f3-7702-385e-8712-91245fd95dcd",3.61105052542263,2005-06-29,"Summer",28.9444444444444,1.52845571074914,5.17048399503815
"Watchmen",116,76,40,116,0.655172413793103,212,55214334,107509799,51.4,3.611,15290,"Mar 6, 2009","Warner Bros.",4.2,2009,"Action","Super Hero",1.38e+08,"13905397-4673-3e05-954d-8840645bebc2",1.9471356658943,2009-03-06,"Spring",22.0833333333333,1.08083373795022,4.76217393479776
"Wonder Woman",144,130,14,144,0.902777777777778,68,103251471,412563408,0.25,4165,24790,"Jun 2, 2017","Warner Bros.",9.3,2017,"Action","Super Hero",1.5e+08,"23d9f355-c290-3b60-8534-543bcf5656fd",3.99571457921408,2017-06-02,"Summer",42.8611111111111,1.60858046077029,4.97673374242057
"World War Z",102,68,34,102,0.666666666666667,155,66411834,202359711,32.8,3607,18411,"Jun 21, 2013","Paramount Pictures",5.9,2013,"Action","Science Fiction",1.9e+08,"e45b590c-a25b-3103-93d5-fbe973842f7b",3.04704295622976,2013-06-21,"Summer",26.6388888888889,1.39798648017635,4.63472898822964
"Wreck-It Ralph",67,61,6,67,0.91044776119403,257,49038712,189422889,25.9,3.752,13070,"Nov 2, 2012","Walt Disney Studios Motion Pictures",8.5,2012,"Adventure","Kids Fiction",1.65e+08,"c374e93f-ecc0-3761-a61f-ce4aeb0aebdc",3.86272153722145,2012-11-02,"Autumn",30.4166666666667,1.58159826826075,4.21950770517611
"X-Men Origins: Wolverine",150,57,93,150,0.38,100,85058003,179883157,47.3,4099,20750,"May 1, 2009","Twentieth Century Fox",5.4,2009,"Action","Super Hero",1.5e+08,"be9015ce-2963-35a2-947a-e0eef5559f2a",2.11482930065969,2009-05-01,"Spring",26.6666666666667,1.13617435159172,5.01727983681492
"X-Men: Apocalypse",72,34,38,72,0.472222222222222,158,65769562,155442489,42.3,415,15848,"May 27, 2016","Twentieth Century Fox",4.2,2016,"Action","Super Hero",1.78e+08,"d488fd46-e82f-3d2d-8efd-738dc597172f",2.36344114622506,2016-05-27,"Spring",26.7222222222222,1.21296460055284,4.29045944114839
"X-Men: Days of Future Past",102,91,11,102,0.892156862745098,89,90823660,233921534,38.8,3996,22728,"May 23, 2014","Twentieth Century Fox",6,2014,"Action","Super Hero",2e+08,"1a3f1ed9-4b7a-3579-8e93-b6aabc7d627a",2.57555722814958,2014-05-23,"Spring",22,1.27412103201368,4.63472898822964
"X-Men: First Class",103,90,13,103,0.87378640776699,213,55101604,146408305,37.6,3.641,15133,"Jun 3, 2011","Twentieth Century Fox",4.8,2011,"Action","Super Hero",1.6e+08,"7f605414-22e0-3e06-8ae0-bda0fc44b24e",2.65706067286172,2011-06-03,"Summer",21.75,1.29665972991332,4.64439089914137
"X-Men: The Last Stand",118,67,51,118,0.567796610169492,69,102750665,234362462,43.8,369,27845,"May 26, 2006","Twentieth Century Fox",5.6,2006,"Action","Super Hero",2.1e+08,"5e217d95-f4e4-3d19-b5f8-5147af589977",2.28088511154648,2006-05-26,"Spring",22.1111111111111,1.18811323707404,4.77912349311153
"Zootopia",114,110,4,114,0.964912280701754,122,75063401,341268248,0.22,3827,19614,"Mar 4, 2016","Walt Disney Studios Motion Pictures",9.8,2016,"Adventure","Kids Fiction",1.5e+08,"aec21e9b-16de-3ab4-83ce-5e36094ee689",4.54640002256226,2016-03-04,"Spring",31.2222222222222,1.71314907271405,4.74493212836325
