"movieTitle","ReviewVolume","PositiveReviews","NegativeReviews","TotalReviews","ReviewValence","Rank","Opening","DomesticGross","% of Total","Theaters","Average","Date","Distributor","WeeksInTheater","movieYear","maingenre","sidegenre","budget","movieId","BoxOfficeLegs","ReleaseDate","release_season","avgBuzz","log_BoxOfficeLegs","log_ReviewVolume"
"2012",14393,9702,4691,14393,0.674077676648371,162,65237614,166112167,39.3,3404,19164,"Nov 13, 2009","Sony Pictures Releasing",6.4,2009,"Adventure","Science Fiction",2e+08,"843f9ea8-c0ff-3271-8f50-2d23e88623ae",2.54626367849689,2009-11-13,"Autumn",25.3333333333333,1.26589456430568,9.57456673206775
"22 Jump Street",2178,1873,305,2178,0.859963269054178,195,57071445,191719337,29.8,3.306,17262,"Jun 13, 2014","Sony Pictures Releasing",6.7,2014,"Comedy","Contemporary Fiction",5e+07,"c594a1e8-3749-370f-a4ca-9b0f1614cf83",3.35928653987997,2014-06-13,"Summer",29.953488372093,1.47230840632863,7.68662133494462
"300",10665,9972,693,10665,0.935021097046413,133,70885301,210614939,33.7,3103,22844,"Mar 9, 2007","Warner Bros.",6.8,2007,"Action","Historical Fiction",6e+07,"9b5ed19d-d58e-353a-b773-7c9bd87949b3",2.97120751451701,2007-03-09,"Spring",29.9166666666667,1.37907020827984,9.27481639116055
"300: Rise of an Empire",1705,1164,541,1705,0.682697947214076,287,45038460,106580051,42.3,3.47,12979,"Mar 7, 2014","Warner Bros.",4.6,2014,"Action","Historical Fiction",1.1e+08,"2cb14b3b-b0c5-3e21-b413-e7218d39355e",2.36642307485647,2014-03-07,"Spring",25.2222222222222,1.2138507785584,7.44190672805162
"A Quiet Place",3467,2801,666,3467,0.807903086241707,250,50203562,188024361,26.7,3.508,14311,"Apr 6, 2018","Paramount Pictures",7.5,2018,"Horror","Science Fiction",1.7e+07,"221fa839-d26f-3339-a64a-9eaf6b39674c",3.74523945133614,2018-04-06,"Spring",31.0555555555556,1.55714189471616,8.15133333790043
"A Quiet Place Part II",4585,4260,325,4585,0.929116684841876,268,47547231,160072261,29.7,3.726,12760,"May 28, 2021","Paramount Pictures",7.7,2021,"Horror","Science Fiction",6.1e+07,"7acb1149-a528-3e17-944b-add929a4c5b1",3.36659480759248,2021-05-28,"Spring",28.75,1.47398348512706,8.43076346341785
"A Star Is Born",2989,2567,422,2989,0.858815657410505,306,42908051,215288866,19.9,3.686,11640,"Oct 5, 2018","Warner Bros.",9.4,2018,"Drama","Contemporary Fiction",3.6e+07,"a63be955-1d47-381f-b32b-04c2d32e44e1",5.01744686562436,2018-10-05,"Autumn",38.0833333333333,1.79466306066093,8.00302866638473
"Aladdin",17586,16349,1237,17586,0.929659956783805,87,91500929,355559216,25.7,4476,20442,"May 24, 2019","Walt Disney Studios Motion Pictures",8,2019,"Adventure","Fantasy",1.82e+08,"f26f39dc-a8ac-38ae-b51e-b30f59a677fe",3.88585361794523,2019-05-24,"Spring",33.1666666666667,1.58634401289949,9.77491527173636
"Alice in Wonderland",13276,10213,3063,13276,0.769282916541127,57,116101023,334191110,34.7,3728,31142,"Mar 5, 2010","Walt Disney Studios Motion Pictures",7.2,2010,"Adventure","Fantasy",2e+08,"7d3aec31-0e03-3122-ba80-c96e1d960729",2.87845103655977,2010-03-05,"Spring",26.0833333333333,1.35543585654521,9.4937884938959
"Alvin and the Chipmunks: The Squeakquel",4601,3400,1201,4601,0.738969789176266,259,48875415,219614612,22.3,3.7,13209,"Dec 23, 2009","Twentieth Century Fox",7.2,2009,"Adventure","Kids Fiction",7e+07,"373a578f-9fd6-35cf-91c0-85a6167b0a91",4.49335544260852,2009-12-23,"Winter",46.3055555555556,1.70353926055181,8.43424627059531
"Angels & Demons",14017,10939,3078,14017,0.780409502746665,278,46204168,133375846,34.6,3.527,13100,"May 15, 2009","Sony Pictures Releasing",5.8,2009,"Thriller","Contemporary Fiction",1.5e+08,"4e50d501-05c6-3f91-a80a-4ced31f6153d",2.8866626491359,2009-05-15,"Spring",26.2777777777778,1.35755085858369,9.54809749706027
"Ant-Man",3065,2880,185,3065,0.939641109298532,194,57225526,180202163,31.8,3.856,14840,"Jul 17, 2015","Walt Disney Studios Motion Pictures",6.7,2015,"Action","Super Hero",1.3e+08,"a0d8e1e3-2f44-3ceb-9576-fe587dac6a24",3.14898220420027,2015-07-17,"Summer",25.75,1.42286305216348,8.02812905943176
"Ant-Man and The Wasp",1517,1333,184,1517,0.878707976268952,119,75812205,216648740,0.35,4206,18024,"Jul 6, 2018","Walt Disney Studios Motion Pictures",5.9,2018,"Action","Super Hero",1.3e+08,"41ccc283-198e-3d38-bd20-dc6634bf300a",2.8577026614646,2018-07-06,"Summer",27.6666666666667,1.35007184087182,7.32514895795557
"Ant-Man and The Wasp: Quantumania",11206,9367,1839,11206,0.835891486703552,65,106109650,214504909,49.5,4345,24421,"Feb 17, 2023","Walt Disney Studios Motion Pictures",5.2,2023,"Action","Super Hero",2e+08,"431505cc-700e-4f8c-911a-2f3fcb2ac5a3",2.02154006727946,2023-02-17,"Winter",21.3611111111111,1.10576665745618,9.32429386205203
"Aquaman",4902,3878,1024,4902,0.791105671154631,150,67873522,335061807,20.3,4125,16454,"Dec 21, 2018","Warner Bros.",7.5,2018,"Action","Super Hero",1.6e+08,"a5235f6a-68cb-3d9c-ac34-711bc90d6f8f",4.93656137366792,2018-12-21,"Winter",45.8611111111111,1.78113007242922,8.49760254165123
"Avatar",58273,53638,4635,58273,0.920460590668062,117,77025481,749766139,10.3,3452,22313,"Dec 18, 2009","Twentieth Century Fox",14.8,2009,"Action","Science Fiction",2.37e+08,"f7970b0e-0f4c-391b-a841-1bf29e368b3e",9.73400138844962,2009-12-18,"Winter",46.9166666666667,2.37341640310526,10.9729113037396
"Avatar: The Way of Water",17211,15150,2061,17211,0.880251002265993,39,134100226,684075767,19.6,4202,31913,"Dec 16, 2022","20th Century Studios",11.1,2022,"Action","Science Fiction",4e+08,"6fbed893-5b71-3dc2-b35d-68ee630f6828",5.10122754752106,2022-12-16,"Winter",38.5,1.80848998823229,9.75336209395849
"Avengers: Age of Ultron",3606,3107,499,3606,0.861619523017194,10,191271109,459005868,41.7,4276,44731,"May 1, 2015","Walt Disney Studios Motion Pictures",7,2015,"Action","Super Hero",3.65e+08,"a0c4ef79-5e4c-399c-98c7-bdab95639511",2.39976581094639,2015-05-01,"Spring",23.0833333333333,1.22370655011642,8.19063168090354
"Avengers: Endgame",14193,12687,1506,14193,0.893891354893257,1,357115007,858373000,41.6,4662,76601,"Apr 26, 2019","Walt Disney Studios Motion Pictures",8.1,2019,"Action","Super Hero",4e+08,"7b2bcd9a-359f-3ffd-bbbd-abe9e5ce3f9e",2.40363183617204,2019-04-26,"Spring",24.7894736842105,1.22484304862564,9.56057461908493
"Avengers: Infinity War",7602,6697,905,7602,0.880952380952381,3,257698183,678815482,0.38,4474,57599,"Apr 27, 2018","Walt Disney Studios Motion Pictures",7.7,2018,"Action","Super Hero",3e+08,"8ef022ef-f88a-33c8-8f6e-ab87f5039eea",2.63414927531716,2018-04-27,"Spring",26.75,1.29037504654286,8.93629818522844
"Bad Boys for Life",9859,9458,401,9859,0.959326503702201,171,62504105,206305244,30.3,3.775,16557,"Jan 17, 2020","Sony Pictures Releasing",7.2,2020,"Action","Contemporary Fiction",9e+07,"262a9c51-54fb-3a7b-ba38-c8d8042ada8b",3.30066711618381,2020-01-17,"Winter",28.6388888888889,1.4587701539646,9.19624144759668
"Barbie",15416,11548,3868,15416,0.749091852620654,20,162022044,636238421,25.5,4243,38185,"Jul 21, 2023","Warner Bros.",9.5,2023,"Comedy","Contemporary Fiction",1.45e+08,"317d7155-533b-396f-8c1c-34a22e2e8ef9",3.92686331620406,2023-07-21,"Summer",31.0277777777778,1.5947025413877,9.64322607566034
"Batman Begins",600,569,31,600,0.948333333333333,261,48745440,205343774,23.7,3.858,12634,"Jun 15, 2005","Warner Bros.",6.8,2005,"Action","Super Hero",1.5e+08,"f03e65c8-70e8-34e2-bd3f-1a2efd916f3a",4.21257401717986,2005-06-15,"Summer",36.0277777777778,1.65107378696268,6.39859493453521
"Batman v Superman: Dawn of Justice",14389,10400,3989,14389,0.722774341510876,19,166007347,330360194,50.2,4242,39134,"Mar 25, 2016","Warner Bros.",5.9,2016,"Action","Super Hero",2.63e+08,"f93fd0e2-42cf-3425-86a4-96090ed8ec13",1.99003357363455,2016-03-25,"Spring",21.8333333333333,1.09528461597987,9.57428879988141
"Beauty and the Beast",2628,2223,405,2628,0.845890410958904,16,174750616,504014165,34.7,421,41508,"Mar 17, 2017","Walt Disney Studios Motion Pictures",8.5,2017,"Musical","Fantasy",1.6e+08,"34f61aeb-e296-3b46-9831-b0ce0c5bcfec",2.88419106345239,2017-03-17,"Spring",27.9166666666667,1.35691474166314,7.87435882472988
"Big Hero 6",2463,2381,82,2463,0.966707267559886,203,56215889,222527828,25.3,3.761,14947,"Nov 7, 2014","Walt Disney Studios Motion Pictures",8.7,2014,"Adventure","Super Hero",1.65e+08,"b923270d-59e5-3def-b2ea-dcf1ee2f0698",3.95845075046309,2014-11-07,"Autumn",29.5277777777778,1.60109334324886,7.80954132465341
"Black Adam",12769,11542,1227,12769,0.903907901950035,154,67004323,168152111,39.8,4402,15221,"Oct 21, 2022","Warner Bros.",6.5,2022,"Action","Super Hero",2e+08,"09a12550-c5fe-4b73-98fd-706cb694c324",2.50957107648114,2022-10-21,"Autumn",27.5,1.25549382957797,9.45485394902659
"Black Panther",9934,7761,2173,9934,0.781256291524059,8,202003951,700059566,28.9,402,50249,"Feb 16, 2018","Walt Disney Studios Motion Pictures",9.9,2018,"Action","Super Hero",2e+08,"e1374d4d-19b0-31b2-a6cc-c4189f2b27ca",3.46557363128011,2018-02-16,"Winter",28.5277777777778,1.49639767892762,9.20381915498592
"Black Panther: Wakanda Forever",10402,8950,1452,10402,0.860411459334743,13,181339761,453829060,0.4,4396,41251,"Nov 11, 2022","Walt Disney Studios Motion Pictures",8.3,2022,"Action","Super Hero",2.5e+08,"618ab0ee-b32e-36d1-a1ea-6e608003cdf2",2.50264507627756,2022-11-11,"Autumn",24.3055555555556,1.25351841914996,9.2498495050709
"Black Widow",7301,6078,1223,7301,0.832488700178058,108,80366312,183651655,43.8,416,19318,"Jul 9, 2021","Walt Disney Studios Motion Pictures",6,2021,"Action","Super Hero",2e+08,"9d36e70e-2ede-34a5-9f2e-8eae12cf7731",2.28518206733189,2021-07-09,"Summer",21.0555555555556,1.18942207424605,8.89590356221558
"Bohemian Rhapsody",4544,4346,198,4544,0.956426056338028,241,51061119,216428042,23.6,4,12765,"Nov 2, 2018","Twentieth Century Fox",8.8,2018,"Drama","Dramatization",5.5e+07,"529ce476-182d-3a9f-b51b-3b98445f83bc",4.23860750094411,2018-11-02,"Autumn",44.4444444444444,1.6560557189221,8.42178300661158
"Brave",4424,3924,500,4424,0.886980108499096,156,66323594,237283207,0.28,4164,15927,"Jun 22, 2012","Walt Disney Studios Motion Pictures",7.3,2012,"Adventure","Kids Fiction",1.85e+08,"df472820-9e50-3aa3-9edb-878a74fa26c0",3.57765906051472,2012-06-22,"Summer",32.9722222222222,1.52118774530028,8.39502555744203
"Captain America: Civil War",3552,3042,510,3552,0.856418918918919,14,179139142,408084349,43.9,4226,42389,"May 6, 2016","Walt Disney Studios Motion Pictures",6,2016,"Action","Super Hero",2.5e+08,"e6eb9e3e-4a72-33a7-b44e-1f8cadf1dd8f",2.27803005219261,2016-05-06,"Spring",24.7222222222222,1.18724264812361,8.17554759602103
"Captain America: The First Avenger",6335,5425,910,6335,0.856353591160221,163,65058524,176654505,36.8,3715,17512,"Jul 22, 2011","Paramount Pictures",5.7,2011,"Action","Super Hero",1.4e+08,"b4b3abfc-eb38-33d1-ba76-e1e3ea823f1a",2.7153168276612,2011-07-22,"Summer",25.6388888888889,1.3124639578876,8.75400293349426
"Captain America: The Winter Soldier",4507,4336,171,4507,0.962059019303306,80,95023721,259766572,36.6,3938,24129,"Apr 4, 2014","Walt Disney Studios Motion Pictures",7,2014,"Action","Super Hero",1.7e+08,"caf7974e-b836-3c04-95ab-3e77e3826a19",2.73370237732534,2014-04-04,"Spring",26.2777777777778,1.31740033581678,8.41360887515967
"Captain Marvel",25734,13705,12029,25734,0.532563923214424,25,153433423,426829839,0.36,431,35599,"Mar 8, 2019","Walt Disney Studios Motion Pictures",7.9,2019,"Action","Super Hero",1.75e+08,"bfd2fd97-a33c-3aad-8684-772d88959b5a",2.78185698170861,2019-03-08,"Spring",23.0277777777778,1.33021515400263,10.1556072120869
"Cars",2847,2556,291,2847,0.897787144362487,183,60119509,244082982,24.6,3.985,15086,"Jun 9, 2006","Walt Disney Studios Motion Pictures",7.7,2006,"Adventure","Kids Fiction",7e+07,"36d1101e-542a-33a8-a5d7-dbf4f0fa70d9",4.05996299803447,2006-06-09,"Summer",44.6944444444444,1.62135917063123,7.95437227253187
"Cars 2",2542,1677,865,2542,0.659716758457907,157,66135507,191452396,34.5,4115,16071,"Jun 24, 2011","Walt Disney Studios Motion Pictures",6.3,2011,"Adventure","Kids Fiction",2e+08,"aa71e4b2-3771-3534-8320-4422ef974940",2.89485035625417,2011-06-24,"Summer",32.2777777777778,1.35965525913773,7.84109976542212
"Cars 3",536,419,117,536,0.781716417910448,229,53688680,152901115,35.1,4.256,12614,"Jun 16, 2017","Walt Disney Studios Motion Pictures",5.7,2017,"Adventure","Kids Fiction",1.75e+08,"aad99a7c-6539-37a4-922c-4734cf84ef4f",2.84792092113272,2017-06-16,"Summer",29.9444444444444,1.34753298195111,6.28599809450886
"Charlie and the Chocolate Factory",370,329,41,370,0.889189189189189,204,56178450,206459076,27.2,3.77,14901,"Jul 15, 2005","Warner Bros.",7.7,2005,"Adventure","Kids Fiction",1.5e+08,"a23fa525-61d4-39cf-949f-d67bf0647574",3.67505824742406,2005-07-15,"Summer",31.0555555555556,1.54224162200508,5.91620206260743
"Cinderella",1563,1435,128,1563,0.918106206014075,149,67877361,201151353,33.7,3845,17653,"Mar 13, 2015","Walt Disney Studios Motion Pictures",7.3,2015,"Drama","Fantasy",9.5e+07,"05b4fb41-30fe-3ad8-a320-248dde3dae2b",2.96345276299118,2015-03-13,"Spring",26.25,1.37711555522006,7.35500192110526
"Clash of the Titans",8466,4844,3622,8466,0.572171037089535,176,61235105,163214888,37.5,3.777,16212,"Apr 2, 2010","Warner Bros.",6,2010,"Action","Fantasy",1.25e+08,"6c5cfe44-54a9-39c3-9462-5e11a6f1d958",2.66538104245922,2010-04-02,"Spring",26.5833333333333,1.29893229786317,9.04393153364228
"Coco",1760,1687,73,1760,0.958522727272727,244,50802605,210460015,24.1,3.987,12742,"Nov 22, 2017","Walt Disney Studios Motion Pictures",7.7,2017,"Musical","Kids Fiction",1.75e+08,"e409e2f7-0f17-333f-bb91-04fb5f69cbd0",4.14270124533968,2017-11-22,"Autumn",42.3333333333333,1.63757847553516,7.47363710849621
"Creed III",3959,3724,235,3959,0.940641576155595,190,58370007,156248615,37.4,4.007,14567,"Mar 3, 2023","United Artists Releasing",5.5,2023,"Drama","Contemporary Fiction",7.5e+07,"daf1e5ee-6493-31a2-8e3e-691859c004e6",2.67686476378185,2023-03-03,"Spring",28.4444444444444,1.30206042268761,8.28399930424853
"Dawn of the Planet of the Apes",3833,3484,349,3833,0.908948604226455,127,72611427,208545589,34.8,3967,18303,"Jul 11, 2014","Twentieth Century Fox",5.5,2014,"Adventure","Science Fiction",1.7e+08,"333e80e0-9a43-3257-9c5d-48aee0fa1568",2.87207671872362,2014-07-11,"Summer",26.5277777777778,1.35379098293799,8.25166392360559
"Deadpool",5565,5123,442,5565,0.920575022461815,42,132434639,363070709,36.5,3558,37221,"Feb 12, 2016","Twentieth Century Fox",7.7,2016,"Action","Super Hero",5.8e+07,"d786d56f-0745-3f2a-96c1-edf7a3711571",2.7415086546957,2016-02-12,"Winter",26.5,1.31948891369762,8.62443194208584
"Deadpool 2",2722,2417,305,2722,0.887950036737693,46,125507153,318491426,39.4,4349,28858,"May 18, 2018","Twentieth Century Fox",7.1,2018,"Action","Super Hero",1.1e+08,"71e176b9-ce85-309f-b2f9-b9d18b60fce6",2.53763565173054,2018-05-18,"Spring",26.6944444444444,1.26345860901309,7.90948949267376
"Despicable Me",5483,5051,432,5483,0.921211015867226,199,56397125,251639815,22.4,3.476,16224,"Jul 9, 2010","Universal Pictures",9.3,2010,"Adventure","Kids Fiction",6.9e+07,"ddf0452e-871d-3ac4-91e4-787b07ec047b",4.46192629500174,2010-07-09,"Summer",30.75,1.69780152881944,8.6095900406822
"Despicable Me 2",3528,3234,294,3528,0.916666666666667,104,83517315,368065385,22.7,3997,20895,"Jul 3, 2013","Universal Pictures",8.4,2013,"Adventure","Kids Fiction",7.6e+07,"862c7c4f-7634-3b9e-a143-2458d9473082",4.407054812526,2013-07-03,"Summer",36.7222222222222,1.68770454767528,8.16876982367527
"Despicable Me 3",580,388,192,580,0.668965517241379,128,72434025,264624300,27.4,4529,15993,"Jun 30, 2017","Universal Pictures",7.8,2017,"Adventure","Kids Fiction",7.5e+07,"b2464f68-7f89-3fb0-8fd1-0d0183eb235d",3.65331486135142,2017-06-30,"Summer",37.4444444444444,1.53757983903462,6.36475075685191
"Divergent",2599,2017,582,2599,0.776067718353213,221,54607747,150947895,36.2,3.936,13873,"Mar 21, 2014","Lionsgate",6.5,2014,"Adventure","Science Fiction",8.5e+07,"03c7b3b4-45c5-3e03-b66e-dd8fc7375144",2.76422125600604,2014-03-21,"Spring",31.1388888888889,1.32554100214379,7.86326672400957
"Doctor Strange",2505,2261,244,2505,0.902594810379241,99,85058311,232641920,36.6,3882,21910,"Nov 4, 2016","Walt Disney Studios Motion Pictures",6.3,2016,"Action","Super Hero",1.65e+08,"94c0f3b6-6002-30d6-bdf1-bc878f7e6168",2.73508746252909,2016-11-04,"Autumn",39.3055555555556,1.31777123531973,7.82644313545601
"Doctor Strange in the Multiverse of Madness",12003,9401,2602,12003,0.783220861451304,11,187420998,411331607,45.6,4534,41336,"May 6, 2022","Walt Disney Studios Motion Pictures",6.6,2022,"Action","Super Hero",2e+08,"783507b9-197a-3216-a5b3-99a00eb48cfa",2.19469329151689,2022-05-06,"Spring",24.25,1.16149108682621,9.39299520656026
"Dr. Seuss' Horton Hears a Who!",9896,8960,936,9896,0.905416329830234,288,45012998,154529439,29.1,3.954,11384,"Mar 14, 2008","Twentieth Century Fox",7.3,2008,"Adventure","Fantasy",8.5e+07,"bb2a4936-3c52-3580-92ca-19e32d11f6dc",3.43299593153071,2008-03-14,"Spring",26.5833333333333,1.48907563799365,9.19998695989669
"Dr. Seuss' The Grinch",848,525,323,848,0.619103773584906,151,67572855,271740675,24.9,4141,16318,"Nov 9, 2018","Universal Pictures",7.7,2018,"Adventure","Kids Fiction",7.5e+07,"072ab61f-b943-496a-8caa-682d86031464",4.02144729566333,2018-11-09,"Autumn",43.1944444444444,1.6137181980605,6.74405918631135
"Dr. Seuss' the Lorax",2216,1696,520,2216,0.765342960288809,138,70217070,214151550,32.8,3729,18830,"Mar 2, 2012","Universal Pictures",7.8,2012,"Adventure","Kids Fiction",67500000,"d25313bc-88ed-3160-9265-cc585936c46a",3.04985027145109,2012-03-02,"Spring",27.6111111111111,1.39867991042296,7.70391020961631
"Dumbo",962,652,310,962,0.677754677754678,283,45990748,114766307,40.1,4.259,10798,"Mar 29, 2019","Walt Disney Studios Motion Pictures",5.2,2019,"Adventure","Kids Fiction",1.7e+08,"c608a0ab-c784-4b39-9879-429d07c04b6c",2.49542162262723,2019-03-29,"Spring",27.9166666666667,1.25145400435469,6.87005341179813
"Dune",7909,6767,1142,7909,0.855607535718801,325,41011174,108327830,37.9,4125,9942,"Oct 22, 2021","Warner Bros.",6.4,2021,"Action","Science Fiction",1.65e+08,"f7c22bab-5d5e-3b2e-a8a6-bd138df977ee",2.64142231090483,2021-10-22,"Autumn",22.9166666666667,1.29237435008187,8.9758830607617
"Dune: Part Two",5968,5496,472,5968,0.920911528150134,105,82505391,282144358,29.2,4071,20266,"Mar 1, 2024","Warner Bros.",6.9,2024,"Action","Science Fiction",1.9e+08,"cecd223d-a20d-3268-bbef-9a4c847c673d",3.41970814973775,2024-03-01,"Spring",33.8611111111111,1.48607366443847,8.69433468816865
"Dunkirk",2973,2034,939,2973,0.684157416750757,247,50513488,188045546,26.9,3.72,13578,"Jul 21, 2017","Warner Bros.",7.4,2017,"Action","Dramatization",1.5e+08,"31ab6658-4bad-3bbd-b08a-7e572ce19dd5",3.72267989096298,2017-07-21,"Summer",33.1111111111111,1.55237641198418,7.9976631270201
"Eternals",14893,11555,3338,14893,0.775867857382663,130,71297219,164870234,43.2,409,17432,"Nov 5, 2021","Walt Disney Studios Motion Pictures",6,2021,"Action","Super Hero",2e+08,"2289d276-2f05-3965-a4d3-c2377c2fb0d6",2.31243569261797,2021-11-05,"Autumn",25.8055555555556,1.1976837775746,9.60871372627059
"F9 The Fast Saga",4725,3608,1117,4725,0.763597883597884,140,70043165,173005945,40.5,4179,16760,"Jun 25, 2021","Universal Pictures",6.2,2021,"Action","Contemporary Fiction",2e+08,"6490d427-6414-39aa-9cf6-cbe57102f87a",2.46999039806382,2021-06-25,"Summer",28.9444444444444,1.24415182682636,8.46083445774685
"Fantastic Beasts and Where to Find Them",2107,1676,431,2107,0.795443758898908,123,74403387,234037575,31.8,4144,17954,"Nov 18, 2016","Warner Bros.",6.4,2016,"Adventure","Fantasy",1.8e+08,"44532950-8ea1-33d2-a127-bd2094ab0072",3.14552313324123,2016-11-18,"Autumn",49.0277777777778,1.42202898888452,7.65349490966125
"Fantastic Beasts: The Crimes of Grindelwald",2236,1426,810,2236,0.637745974955277,173,62163104,159555901,0.4,4.163,14932,"Nov 16, 2018","Warner Bros.",5.1,2018,"Adventure","Fantasy",2e+08,"249aaa65-13d9-3a68-a3ce-a129a3ae82e6",2.56672995286722,2018-11-16,"Autumn",29.9722222222222,1.27164919643688,7.71289096149013
"Fantastic Beasts: The Secrets of Dumbledore",3150,2492,658,3150,0.791111111111111,309,42151256,95850844,0.4,4.208,10016,"Apr 15, 2022","Warner Bros.",5.1,2022,"Adventure","Fantasy",2e+08,"192c76f9-28ff-3c13-b98e-8016de72cf71",2.27397361540069,2022-04-15,"Spring",27.9444444444444,1.18600442008956,8.05547514175727
"Fantastic Four",277,176,101,277,0.635379061371841,205,56061504,154696080,36.2,3.602,15563,"Jul 8, 2005","Twentieth Century Fox",5.9,2005,"Action","Super Hero",87500000,"61bf45ac-4678-3d4e-96a8-45d3dbab2b9e",2.75939939106878,2005-07-08,"Summer",29.9166666666667,1.32425920822471,5.62762111369064
"Fantastic Four: Rise of the Silver Surfer",52043,36901,15142,52043,0.709048286993448,191,58051684,131921738,0.4,3.959,14663,"Jun 15, 2007","Twentieth Century Fox",4.5,2007,"Action","Super Hero",1.2e+08,"9fcbdc54-f99b-3f6f-b36c-8471a039e455",2.27248770251006,2007-06-15,"Summer",23.1666666666667,1.18555046096753,10.8598447936234
"Fast & Furious",11122,9455,1667,11122,0.850116885452257,132,70950500,155064265,45.8,3461,20500,"Apr 3, 2009","Universal Pictures",5.6,2009,"Action","Contemporary Fiction",8.5e+07,"cd4cf73e-99f9-3b35-830e-be001d1806d5",2.18552744519066,2009-04-03,"Spring",27,1.15861787819909,9.31677031559203
"Fast & Furious 6",4324,3874,450,4324,0.895929694727104,77,97375245,238679850,40.8,3658,26619,"May 24, 2013","Universal Pictures",5.5,2013,"Action","Contemporary Fiction",1.6e+08,"daaf3a30-c81b-36f8-b606-b1fa4e06ad32",2.45113478276743,2013-05-24,"Spring",26.6388888888889,1.23870309950139,8.37216741936598
"Fast & Furious Presents: Hobbs & Shaw",7236,6447,789,7236,0.890961857379768,184,60038950,173956935,34.5,4.253,14116,"Aug 2, 2019","Universal Pictures",6.2,2019,"Action","Contemporary Fiction",2e+08,"898439d3-d4fc-3a8e-a265-cb6ebe4e9c5f",2.89740135362127,2019-08-02,"Summer",31.2222222222222,1.36031001146176,8.88696203486613
"Fast Five",5915,5439,476,5915,0.919526627218935,95,86198765,209837675,41.1,3644,23654,"Apr 29, 2011","Universal Pictures",6.2,2011,"Action","Contemporary Fiction",1.25e+08,"11908db6-b627-38a4-8bc8-285b3f635197",2.43434665218231,2011-04-29,"Spring",23.5277777777778,1.23382670443415,8.68541582383069
"Fast X",4291,3344,947,4291,0.779305523188068,153,67017410,146126015,45.9,4046,16563,"May 19, 2023","Universal Pictures",4.3,2023,"Action","Contemporary Fiction",3.4e+08,"00b20d93-6265-3079-a0da-de975d7ff0b1",2.18041871507717,2023-05-19,"Spring",29.25,1.15701285953208,8.36450810375059
"Fifty Shades Darker",659,372,287,659,0.564491654021244,276,46607250,114581250,40.7,3.71,12562,"Feb 10, 2017","Universal Pictures",4.1,2017,"Drama","Contemporary Fiction",5.5e+07,"55d600e5-47ee-3df1-95d2-a3d316daab10",2.45844262426983,2017-02-10,"Winter",26.5555555555556,1.24081837914782,6.49223983502047
"Fifty Shades of Grey",2398,1121,1277,2398,0.467472894078399,98,85171450,166167230,51.3,3646,23360,"Feb 13, 2015","Universal Pictures",5,2015,"Drama","Contemporary Fiction",4e+07,"7fbd15c8-cc53-3803-ad0e-7b06a83a7ad0",1.95097336020462,2015-02-13,"Winter",27.8888888888889,1.08213506854107,7.7828072628397
"Finding Dory",1767,1560,207,1767,0.882852292020374,38,135060273,486295561,27.8,4305,31372,"Jun 17, 2016","Walt Disney Studios Motion Pictures",7.6,2016,"Adventure","Kids Fiction",2e+08,"f5859e9a-bd84-374d-99a6-e9fdb1c5378c",3.60058180098599,2016-06-17,"Summer",28.0277777777778,1.52618277397254,7.47760424319759
"Five Nights at Freddy's",17472,15926,1546,17472,0.911515567765568,111,80001720,137275620,58.3,3675,21769,"Oct 27, 2023","Universal Pictures",4.4,2023,"Horror","Contemporary Fiction",2e+07,"280fc921-c63a-338b-bed5-136e92aa72f8",1.7159083579703,2023-10-27,"Autumn",22.8611111111111,0.999126467584593,9.76841211133904
"Friday the 13th",5487,3786,1701,5487,0.689994532531438,327,40570365,65002019,62.4,3105,13066,"Feb 13, 2009","Warner Bros.",3.9,2009,"Horror","Fantasy",1.7e+07,"9082edb4-4e1e-3584-a75b-1b50f9d0c1ea",1.60220444159179,2009-02-13,"Winter",18.1388888888889,0.956358947946049,8.61031916940572
"Frozen II",10921,9872,1049,10921,0.903946525043494,43,130263358,477373578,27.3,444,29338,"Nov 22, 2019","Walt Disney Studios Motion Pictures",8.6,2019,"Musical","Kids Fiction",1.5e+08,"2668991b-1aaf-3492-884d-741163f32004",3.66468042379193,2019-11-22,"Autumn",32.5555555555556,1.54001932687061,9.2985343827121
"Furious 7",2643,2237,406,2643,0.846386681800984,29,147187040,353007020,41.7,4004,36760,"Apr 3, 2015","Universal Pictures",6.9,2015,"Action","Contemporary Fiction",1.9e+08,"bd5d85e4-2ec5-3a26-bc32-f3129e85bd1b",2.39835667596821,2015-04-03,"Spring",25.5555555555556,1.22329198418265,7.88004820097158
"G.I. Joe: Retaliation",2367,1395,972,2367,0.5893536121673,329,40501814,122523060,33.1,3719,10890,"Mar 28, 2013","Paramount Pictures",5.7,2013,"Action","Contemporary Fiction",1.4e+08,"519910f8-4903-3f91-947d-4529d5b78160",3.02512524500754,2013-03-28,"Spring",27.3888888888889,1.39255602715847,7.7698009960039
"G.I. Joe: The Rise of Cobra",14644,10366,4278,14644,0.707866703086588,219,54713046,150201498,36.4,4.007,13654,"Aug 7, 2009","Paramount Pictures",6.2,2009,"Action","Contemporary Fiction",1.75e+08,"9fd0c667-6e2d-3287-949f-08923ee813ca",2.74525929336853,2009-08-07,"Summer",25.1111111111111,1.32049085178696,9.59185425926183
"Ghost Rider",5363,4274,1089,5363,0.796942010068991,286,45388836,115802596,39.2,3.619,12541,"Feb 16, 2007","Sony Pictures Releasing",5.7,2007,"Action","Super Hero",1.2e+08,"ab2571b9-d89a-3093-9784-6f30757d3ff6",2.55134535725922,2007-02-16,"Winter",28.4166666666667,1.2673265055707,8.58746524440157
"Ghostbusters",5289,3223,2066,5289,0.609377954244659,281,46018755,128350574,35.8,3.963,11612,"Jul 15, 2016","Sony Pictures Releasing",4.7,2016,"Comedy","Science Fiction",1.44e+08,"99e8dc01-67dc-34ad-be96-2e192b483aed",2.78909270796222,2016-07-15,"Summer",32,1.33212659939673,8.57357352485234
"Ghostbusters: Afterlife",6963,6673,290,6963,0.958351285365503,300,44008406,129360575,0.3,4.315,10198,"Nov 19, 2021","Sony Pictures Releasing",6.9,2021,"Comedy","Science Fiction",7.5e+07,"4267e27d-ef4d-39cd-ac51-85725639f997",2.93945149933401,2021-11-19,"Autumn",26.1111111111111,1.37104150025176,8.84850930088808
"Ghostbusters: Frozen Empire",3428,2950,478,3428,0.860560093348891,289,45004673,113376590,39.7,4.345,10357,"Mar 22, 2024","Sony Pictures Releasing",6.1,2024,"Comedy","Science Fiction",1e+08,"f0bbe54c-35ce-342f-847d-5228c0360b9b",2.51921817096638,2024-03-22,"Spring",24.9166666666667,1.2582388544189,8.14002395246292
"Glass",2608,1970,638,2608,0.755368098159509,332,40328920,111048468,36.3,3841,10499,"Jan 18, 2019","Universal Pictures",5.3,2019,"Thriller","Contemporary Fiction",2e+07,"631cf313-adea-3571-9319-b256b99f38b1",2.75356910128017,2019-01-18,"Winter",30.0277777777778,1.322707147687,7.86672228513673
"Godzilla",5230,3764,1466,5230,0.719694072657744,84,93188384,200676069,46.4,3952,23580,"May 16, 2014","Warner Bros.",5.2,2014,"Action","Science Fiction",1.6e+08,"febfd90c-90e7-31c8-b12e-33170b6bebd7",2.15344510105465,2014-05-16,"Spring",21.3055555555556,1.14849553807663,8.56235774337061
"Godzilla x Kong: The New Empire",4595,4156,439,4595,0.904461371055495,110,80006561,196350016,40.8,3861,20721,"Mar 29, 2024","Warner Bros.",6.8,2024,"Action","Science Fiction",1.35e+08,"9a140a0e-f653-3714-a7cb-6b0a9614d020",2.45417392706081,2024-03-29,"Spring",26.75,1.23958333371461,8.43294163896865
"Godzilla: King of the Monsters",12583,11228,1355,12583,0.892315028212668,264,47776293,110500138,43.2,4.108,11630,"May 31, 2019","Warner Bros.",4.2,2019,"Action","Science Fiction",1.7e+08,"1ea77d0a-a98c-31c4-9717-fe4b2f2b59cb",2.31286546237482,2019-05-31,"Spring",28.5833333333333,1.19781351349072,9.44018144473811
"Gravity",8135,6853,1282,8135,0.84240934234788,206,55785112,274092705,20.4,3.575,15604,"Oct 4, 2013","Warner Bros.",9.2,2013,"Thriller","Contemporary Fiction",1.1e+08,"0ac76d77-1f07-3a1d-b784-14d416ba3d34",4.91336658067479,2013-10-04,"Autumn",30.75,1.77721531063407,9.0040539377284
"Green Lantern",4954,3149,1805,4954,0.63564796124344,231,53174303,116601172,45.6,3.816,13934,"Jun 17, 2011","Warner Bros.",4.1,2011,"Action","Super Hero",2e+08,"bc41fc5d-3cd6-3c5f-b736-25778a8e73aa",2.19281053857913,2011-06-17,"Summer",24.6666666666667,1.16090157547957,8.50815244676409
"Grown Ups",3652,2601,1051,3652,0.712212486308872,328,40506562,162001186,25,3534,11461,"Jun 25, 2010","Sony Pictures Releasing",6.8,2010,"Comedy","Contemporary Fiction",7.5e+07,"10af6da5-8668-3653-a939-6ad2979a79c9",3.99938128543222,2010-06-25,"Summer",34.1388888888889,1.60931416186376,8.20330402679528
"Grown Ups 2",1504,875,629,1504,0.581781914893617,318,41508572,133668525,31,3491,11890,"Jul 12, 2013","Sony Pictures Releasing",5.8,2013,"Comedy","Contemporary Fiction",8e+07,"41843fd4-8f36-3338-8c8a-3296d05d2fcf",3.22026315431906,2013-07-12,"Summer",31.3055555555556,1.43989748494707,7.31654817718298
"Guardians of the Galaxy",7346,6983,363,7346,0.950585352572829,81,94320883,333176600,28.3,408,23117,"Aug 1, 2014","Walt Disney Studios Motion Pictures",9.7,2014,"Action","Super Hero",1.7e+08,"4865d1c4-d511-3596-b848-7d57f86841e6",3.53237363140462,2014-08-01,"Summer",28.4444444444444,1.51124578270765,8.90204734562028
"Guardians of the Galaxy Vol. 2",2846,2504,342,2846,0.879831342234715,30,146510104,389813101,37.6,4347,33703,"May 5, 2017","Walt Disney Studios Motion Pictures",7,2017,"Action","Super Hero",2e+08,"0b50d1b4-e68f-380f-a68c-042ee9b3576f",2.66065677627258,2017-05-05,"Spring",25.9722222222222,1.29764257838359,7.95402108727804
"Guardians of the Galaxy Vol. 3",11767,10804,963,11767,0.91816095861307,54,118414021,358995815,0.33,445,26609,"May 5, 2023","Walt Disney Studios Motion Pictures",6.9,2023,"Action","Super Hero",2.5e+08,"30ef95fc-0ff5-35a3-98f6-d051de8bc1b8",3.03170023252567,2023-05-05,"Spring",30.3333333333333,1.39418818091334,9.37313926228127
"Halloween",2943,2143,800,2943,0.728168535507985,118,76221545,159342015,47.8,3928,19404,"Oct 19, 2018","Universal Pictures",4,2018,"Horror","Contemporary Fiction",1e+07,"02b9723f-8b5f-37d4-91ed-dcaed51db81f",2.09051148202257,2018-10-19,"Autumn",28.8888888888889,1.12833660537402,7.98752447984877
"Halloween Kills",3694,2318,1376,3694,0.627504060638874,256,49404980,92002155,53.7,3.705,13334,"Oct 15, 2021","Universal Pictures",4.6,2021,"Horror","Contemporary Fiction",2e+07,"22b55465-e7d6-34cc-afc3-a77137ccb3b8",1.86220407335455,2021-10-15,"Autumn",20.4722222222222,1.05159198304873,8.2147358333823
"Hancock",27407,22394,5013,27407,0.817090524318605,170,62603879,227946274,27.5,3965,15789,"Jul 2, 2008","Sony Pictures Releasing",5.8,2008,"Action","Super Hero",1.5e+08,"18befc3b-acae-3be0-9184-eafbcac4b5a6",3.64108866161472,2008-07-02,"Summer",31.8333333333333,1.53494896406594,10.2185902205639
"Happy Feet",4378,3885,493,4378,0.887391502969392,316,41533432,198000317,21,3804,10918,"Nov 17, 2006","Warner Bros.",8.8,2006,"Musical","Kids Fiction",8.5e+07,"c989fcdc-c420-305e-b5d0-a79ea3c1b23b",4.76725152402527,2006-11-17,"Autumn",36.1111111111111,1.75219562804413,8.3845756668014
"Harry Potter and the Deathly Hallows: Part 1",7924,6981,943,7924,0.880994447248864,47,125017372,295983305,42.2,4125,30307,"Nov 19, 2010","Warner Bros.",6.8,2010,"Adventure","Fantasy",1.25e+08,"e27c4b21-d978-3976-b6a5-f3f800dd91ad",2.36753740912103,2010-11-19,"Autumn",23.5,1.21418173811107,8.97777759874548
"Harry Potter and the Deathly Hallows: Part 2",7864,7335,529,7864,0.932731434384537,18,169189427,381011219,44.4,4375,38671,"Jul 15, 2011","Warner Bros.",6,2011,"Adventure","Fantasy",1.25e+08,"62eb1e24-77d1-3c56-8a3e-a0e37ecc23cb",2.25198007792768,2011-07-15,"Summer",19.9166666666667,1.1792640655683,8.97017781549238
"Harry Potter and the Goblet of Fire",1932,1774,158,1932,0.918219461697723,70,102685961,290013036,35.4,3858,26616,"Nov 18, 2005","Warner Bros.",7.5,2005,"Adventure","Fantasy",1.5e+08,"e52032a2-ff77-331a-b59e-4104ee459688",2.82427152821796,2005-11-18,"Autumn",26.4166666666667,1.34136799900147,7.56682847920833
"Harry Potter and the Half-Blood Prince",29185,22954,6231,29185,0.786499914339558,113,77835727,301959197,25.8,4325,17996,"Jul 15, 2009","Warner Bros.",6.1,2009,"Adventure","Fantasy",2.5e+08,"e94cd5eb-3590-3d82-9295-bb169d5b7223",3.87944211017647,2009-07-15,"Summer",24.9722222222222,1.58503089164469,10.2814444212277
"Harry Potter and the Order of the Phoenix",53071,45948,7123,53071,0.865783572949445,115,77108414,292004738,26.4,4285,17994,"Jul 11, 2007","Warner Bros.",6.1,2007,"Adventure","Fantasy",1.5e+08,"2f228150-61da-3e79-9a11-7ede739d9eea",3.7869374151568,2007-07-11,"Summer",33.7777777777778,1.56589083640738,10.8794047611868
"Harry Potter and the Prisoner of Azkaban",282,253,29,282,0.897163120567376,83,93687367,249541069,37.5,3855,24302,"Jun 4, 2004","Warner Bros.",6.7,2004,"Adventure","Fantasy",1.3e+08,"de85af55-5281-30d5-b5fc-79ca414c241f",2.66355088194548,2004-06-04,"Summer",28.8611111111111,1.2984328634106,5.64544689764324
"High School Musical 3: Senior Year",3441,2858,583,3441,0.830572507991863,310,42030184,90559416,46.4,3.623,11600,"Oct 24, 2008","Walt Disney Studios Motion Pictures",5.5,2008,"Musical","Contemporary Fiction",1.1e+07,"050b7f1b-0082-31dc-b14c-2e9ece544d53",2.1546281120254,2008-10-24,"Autumn",27.3055555555556,1.14887061647051,8.14380797677148
"Hitch",132,107,25,132,0.81060606060606,305,43142214,179495555,0.2,3.575,12067,"Feb 11, 2005","Sony Pictures Releasing",7.9,2005,"Romantic Comedy","Contemporary Fiction",5.5e+07,"4ddc7977-a6f7-30e4-90aa-997a76311df2",4.16055501926721,2005-02-11,"Winter",38.2777777777778,1.6410441355826,4.89034912822175
"Home",776,604,172,776,0.778350515463918,239,52107731,177397510,29.4,3.708,14052,"Mar 27, 2015","Twentieth Century Fox",8.3,2015,"Adventure","Kids Fiction",1.3e+08,"c49ea818-9152-3638-8517-d0099a3d0248",3.40443743366987,2015-03-27,"Spring",33.1388888888889,1.48261254037427,6.65544035036765
"Hotel Transylvania",1872,1597,275,1872,0.853098290598291,308,42522194,148313048,28.7,3.349,12696,"Sep 28, 2012","Sony Pictures Releasing",7.9,2012,"Adventure","Kids Fiction",8.5e+07,"ece23b88-99c1-31e6-ac60-dc6f241c290b",3.48789735543749,2012-09-28,"Autumn",27.2222222222222,1.50138429706703,7.53529670244409
"Hotel Transylvania 2",547,428,119,547,0.782449725776965,262,48464322,169700110,28.6,3.754,12910,"Sep 25, 2015","Sony Pictures Releasing",7.4,2015,"Adventure","Kids Fiction",8e+07,"cb1ae8bd-5257-3676-8319-428dd9d820ee",3.50154717938693,2015-09-25,"Autumn",25.0833333333333,1.50442115532607,6.30627528694802
"Hotel Transylvania 3: Summer Vacation",360,225,135,360,0.625,297,44076225,167510016,26.3,4.267,10329,"Jul 13, 2018","Sony Pictures Releasing",6.4,2018,"Adventure","Kids Fiction",6.5e+07,"9f2d83f0-5377-3830-92c7-4653f461ef62",3.8004619497246,2018-07-13,"Summer",39.5277777777778,1.56871215280908,5.88887795833288
"How to Train Your Dragon",8553,8359,194,8553,0.977317900151993,302,43732319,217581231,20.1,4.055,10784,"Mar 26, 2010","DreamWorks",8.2,2010,"Adventure","Fantasy",1.65e+08,"cce9361c-4dba-3321-9d0a-60a8623c465c",4.97529598190299,2010-03-26,"Spring",38.3793103448276,1.78763363331084,9.05415428878685
"How to Train Your Dragon 2",1947,1855,92,1947,0.952747817154597,255,49451322,177002924,27.9,4.253,11627,"Jun 13, 2014","Twentieth Century Fox",6.6,2014,"Adventure","Fantasy",1.45e+08,"ffba2e9c-414f-3895-a1dc-18bbe0574ad9",3.57933654432939,2014-06-13,"Summer",38.0555555555556,1.52155412831624,7.57455848420248
"How to Train Your Dragon: The Hidden World",1239,1165,74,1239,0.940274414850686,216,55022245,160799505,34.2,4.259,12919,"Feb 22, 2019","Universal Pictures",6.4,2019,"Adventure","Kids Fiction",1.29e+08,"1fb0d869-d488-3bef-b765-26ef6bdf8db2",2.92244536732371,2019-02-22,"Winter",28.2777777777778,1.36671527750351,7.12286665859908
"I Am Legend",47270,39175,8095,47270,0.828749735561667,114,77211321,256393010,30.1,3606,21411,"Dec 14, 2007","Warner Bros.",6.8,2007,"Thriller","Science Fiction",1.5e+08,"737027d8-d872-384f-b825-3d6843594ce8",3.32066601994803,2007-12-14,"Winter",27.8611111111111,1.46340956165711,10.7636522786302
"I, Robot",174,148,26,174,0.850574712643678,238,52179887,144801023,0.4,3.42,15257,"Jul 16, 2004","Twentieth Century Fox",6.1,2004,"Action","Science Fiction",1.05e+08,"4792e372-d78a-3602-b8ba-b86e0579cd62",2.77503519699075,2004-07-16,"Summer",25.5555555555556,1.32840970636368,5.16478597392351
"Ice Age: Continental Drift",1241,944,297,1241,0.760676873489122,275,46629259,161321843,28.9,3.881,12014,"Jul 13, 2012","Twentieth Century Fox",7,2012,"Adventure","Fantasy",9.5e+07,"164d67d2-c1d1-320b-ac0e-db4e78c23de5",3.45966988238007,2012-07-13,"Summer",31.8333333333333,1.49507474588898,7.12447826249342
"Ice Age: Dawn of the Dinosaurs",9319,7816,1503,9319,0.838716600493615,313,41690382,196573705,21.2,4.099,10170,"Jul 1, 2009","Twentieth Century Fox",5.9,2009,"Adventure","Kids Fiction",9e+07,"7693a37d-852c-3fa5-81ee-b6afd10e05e6",4.71508524436164,2009-07-01,"Summer",44.7777777777778,1.74310921303433,9.13991790767964
"Ice Age: The Meltdown",3826,3478,348,3826,0.909043387349712,148,68033544,195330621,34.8,3964,17162,"Mar 31, 2006","Twentieth Century Fox",6.9,2006,"Adventure","Kids Fiction",7.5e+07,"f8f492db-4a77-32bb-8a37-1e02ed78b6b0",2.87109283914417,2006-03-31,"Spring",29.5277777777778,1.35353685455364,8.2498364854257
"Inception",20700,19552,1148,20700,0.944541062801932,169,62785337,292576195,21.5,3792,16557,"Jul 16, 2010","Warner Bros.",8.2,2010,"Thriller","Science Fiction",1.6e+08,"afbf1c81-1bfe-3996-9cbc-2e1be23d1f61",4.65994464599274,2010-07-16,"Summer",31.3055555555556,1.73341411230733,9.93793728726535
"Incredibles 2",2239,1969,270,2239,0.879410451094239,12,182687905,608581744,0.3,441,41425,"Jun 15, 2018","Walt Disney Studios Motion Pictures",9.1,2018,"Adventure","Super Hero",2e+08,"487e9820-001e-3da7-b47b-37003a7d7bc9",3.33126456291674,2018-06-15,"Summer",27.4722222222222,1.46585954624,7.71423114484909
"Independence Day: Resurgence",1879,754,1125,1879,0.401277275146354,323,41039944,103144286,39.8,413,9937,"Jun 24, 2016","Twentieth Century Fox",3.8,2016,"Action","Science Fiction",1.65e+08,"ca019847-012d-3509-b04a-95d330a079b7",2.51326575884217,2016-06-24,"Summer",26.3333333333333,1.256546020534,7.539027055824
"Indiana Jones and the Dial of Destiny",10086,8553,1533,10086,0.848007138607972,179,60368101,174480468,34.6,4.6,13123,"Jun 30, 2023","Walt Disney Studios Motion Pictures",4.6,2023,"Adventure","Historical Fiction",3e+08,"03dfaaa5-bb73-31e9-abb5-30349e999761",2.89027590912625,2023-06-30,"Summer",29.25,1.35848008291105,9.21900274505484
"Indiana Jones and the Kingdom of the Crystal Skull",46408,33956,12452,46408,0.731684192380624,72,100137835,317101119,31.6,426,23506,"May 22, 2008","Paramount Pictures",7,2008,"Adventure","Historical Fiction",1.85e+08,"ed91c42a-38e2-30ad-94ff-91be04905a35",3.16664644287546,2008-05-22,"Spring",30.8888888888889,1.42711150191848,10.7452486849227
"Inside Out",3411,3093,318,3411,0.906772207563764,90,90440272,356461711,25.4,3946,22919,"Jun 19, 2015","Walt Disney Studios Motion Pictures",8.9,2015,"Adventure","Kids Fiction",1.75e+08,"d7243dcc-df4e-3a21-9ebc-4af39d28c02a",3.94140467644768,2015-06-19,"Summer",36.0833333333333,1.5976496382398,8.13505390861157
"Insidious: Chapter 2",1174,849,325,1174,0.723168654173765,335,40272103,83586447,48.2,3049,13208,"Sep 13, 2013","FilmDistrict",5.9,2013,"Horror","Contemporary Fiction",5e+06,"eb95d8d1-a632-3419-b747-5cb861485a8b",2.07554214390046,2013-09-13,"Autumn",15.7222222222222,1.12348119267773,7.06902342657826
"Interstellar",5505,4568,937,5505,0.829791099000908,269,47510360,188020017,25.3,3.561,13341,"Nov 5, 2014","Paramount Pictures",7.3,2014,"Adventure","Science Fiction",1.65e+08,"ba9320dd-78db-3d61-b5f1-e7da1f1758cf",3.9574530060391,2014-11-05,"Autumn",30.2777777777778,1.60089210200009,8.61359368570255
"Iron Man",51282,49646,1636,51282,0.968097968097968,75,98618668,318604126,0.31,4105,24024,"May 2, 2008","Paramount Pictures",8,2008,"Adventure","Super Hero",1.86e+08,"41ca006b-8820-379c-84fc-aaae870b37f6",3.230667504047,2008-05-02,"Spring",26.6388888888889,1.44235978298388,10.8451145922234
"Iron Man 2",10181,8934,1247,10181,0.877516943325803,44,128122480,312433331,0.41,438,29251,"May 7, 2010","Paramount Pictures",6.2,2010,"Action","Super Hero",1.7e+08,"591fdf7c-5514-3d4b-89d5-d86b785eab41",2.4385520089839,2010-05-07,"Spring",24.9444444444444,1.23505045514945,9.22837673446228
"Iron Man 3",6936,5740,1196,6936,0.827566320645905,17,174144585,409013994,42.6,4253,40946,"May 3, 2013","Walt Disney Studios Motion Pictures",6.2,2013,"Action","Super Hero",2e+08,"e53766b7-818f-30e6-bf9c-0a6cad01d08a",2.34870348681815,2013-05-03,"Spring",23.3055555555556,1.20857325206559,8.8446246833853
"It",3341,2719,622,3341,0.813828195151152,48,123403419,327481748,37.7,4103,30076,"Sep 8, 2017","Warner Bros.",7.4,2017,"Horror","Historical Fiction",3.5e+07,"e4e957be-38b2-3b9c-9142-9c4ccdece9b1",2.65374939084954,2017-09-08,"Autumn",37.9166666666667,1.29575387072405,8.11432470915534
"It: Chapter Two",9680,7468,2212,9680,0.771487603305785,88,91062152,211593228,0.43,457,19926,"Sep 6, 2019","Warner Bros.",5.6,2019,"Horror","Contemporary Fiction",7e+07,"f4ee6019-992a-3308-bcbd-449385e6c787",2.32361330533897,2019-09-06,"Autumn",26.3888888888889,1.20105253609198,9.17792048072007
"Jason Bourne",1869,1170,699,1869,0.626003210272873,188,59215365,162434410,36.4,4.026,14708,"Jul 29, 2016","Universal Pictures",5.6,2016,"Action","Contemporary Fiction",1.2e+08,"4a27d49b-16f6-317a-8ece-cf6eb6205261",2.74311253506586,2016-07-29,"Summer",27.8055555555556,1.31991749394345,7.53369370984863
"John Wick: Chapter 3 -- Parabellum",10313,8796,1517,10313,0.852904101619315,197,56818067,171015687,33.2,3.85,14757,"May 17, 2019","Lionsgate",6.2,2019,"Action","Contemporary Fiction",7.5e+07,"7394a832-74eb-3e08-8c6e-eda6dca9dd36",3.0098821735699,2019-05-17,"Spring",32.2222222222222,1.38876185773713,9.2412574746109
"John Wick: Chapter 4",6393,5922,471,6393,0.926325668700141,125,73817950,187131806,39.4,3855,19148,"Mar 24, 2023","Lionsgate",6.5,2023,"Action","Contemporary Fiction",1e+08,"fde71436-f4ed-323f-b23d-6e0ce470d4ba",2.5350447418277,2023-03-24,"Spring",26.4722222222222,1.26272595607967,8.76311532961979
"Joker",44987,40885,4102,44987,0.908818103007536,78,96202337,335451311,28.7,4374,21994,"Oct 4, 2019","Warner Bros.",7.5,2019,"Thriller","Contemporary Fiction",5.5e+07,"a50bc50f-396f-3d64-80f9-850414c4a40b",3.48693515626341,2019-10-04,"Autumn",32.0833333333333,1.50116987542149,10.7141510665239
"Jumanji: The Next Level",7927,7021,906,7927,0.88570707707834,187,59251543,320314960,18.5,4.227,14017,"Dec 13, 2019","Sony Pictures Releasing",9.8,2019,"Adventure","Science Fiction",1.25e+08,"46c4dbc9-c0eb-39aa-8294-71c736ee8b45",5.40601887785437,2019-12-13,"Winter",45.3055555555556,1.85723799808465,8.97815607600982
"Jurassic World",5792,4699,1093,5792,0.811291436464088,6,208806270,652270625,0.32,4274,48855,"Jun 12, 2015","Universal Pictures",8.5,2015,"Action","Science Fiction",2.15e+08,"bb4d30c6-938d-3d28-8524-dcc6705c90f0",3.12380765673368,2015-06-12,"Summer",28.3611111111111,1.41677692508975,8.66440557109662
"Jurassic World Dominion",11190,8377,2813,11190,0.748614834673816,32,145075625,376851080,38.5,4676,31025,"Jun 10, 2022","Universal Pictures",7,2022,"Action","Science Fiction",1.85e+08,"f3a12631-5b97-3a3c-aa65-babf9acebf1a",2.59761817328032,2022-06-10,"Summer",30.1111111111111,1.28027200796269,9.32286516281803
"Jurassic World: Fallen Kingdom",3031,1837,1194,3031,0.606070603761135,28,148024610,417719760,35.4,4475,33078,"Jun 22, 2018","Universal Pictures",6.8,2018,"Action","Science Fiction",1.7e+08,"5c8f036e-56e0-3429-a807-a70eb79c2a52",2.8219615643642,2018-06-22,"Summer",27.6944444444444,1.34076378934789,8.01697774676226
"Justice League",8811,7443,1368,8811,0.844739530132789,82,93842239,229024295,0.41,4051,23165,"Nov 17, 2017","Warner Bros.",5.5,2017,"Action","Super Hero",3e+08,"4d9037c3-a4a0-3506-8f78-225c5c8acf83",2.44052462345874,2017-11-17,"Autumn",25.6388888888889,1.23562396657673,9.08386970792223
"King Kong",3329,2944,385,3329,0.884349654550916,252,50130145,218080025,0.2,3.568,14049,"Dec 14, 2005","Universal Pictures",6.5,2005,"Adventure","Fantasy",2.07e+08,"d4bc2f74-cb2e-389a-81b0-00e456b4e309",4.35027716357094,2005-12-14,"Winter",40.25,1.67714836584096,8.11072758297449
"Kingdom of the Planet of the Apes",2028,1573,455,2028,0.775641025641026,189,58400788,171130165,34.1,4.075,14331,"May 10, 2024","20th Century Studios",6.6,2024,"Action","Science Fiction",1.6e+08,"4caf2155-40f7-482d-95a6-2f6642645bb5",2.93027150592557,2024-05-10,"Spring",31.5555555555556,1.36870850897212,7.61529833982581
"Kong: Skull Island",1764,1395,369,1764,0.790816326530612,178,61025472,168052812,36.3,3.846,15867,"Mar 10, 2017","Warner Bros.",6,2017,"Adventure","Science Fiction",1.85e+08,"22940c20-37cd-376a-8ac9-9ce17b0a9799",2.7538142105644,2017-03-10,"Spring",23.25,1.32277244588056,7.4759059693674
"Kung Fu Panda",20621,19566,1055,20621,0.948838562630328,181,60239130,215727546,27.9,4.114,14642,"Jun 6, 2008","DreamWorks",6.8,2008,"Adventure","Kids Fiction",1.3e+08,"eae2ef37-05e4-3541-9fae-3d1833da5c5b",3.5811862820728,2008-06-06,"Summer",34.6111111111111,1.52195797814089,9.93411374607789
"Kung Fu Panda 2",3131,2920,211,3131,0.932609389971255,266,47656302,165249063,28.8,3.925,12141,"May 26, 2011","DreamWorks",5.7,2011,"Adventure","Kids Fiction",1.5e+08,"78627772-01c8-37d0-852e-1415b25e0661",3.46751753839398,2011-05-26,"Spring",30.5833333333333,1.49683289381743,8.0494270571107
"Kung Fu Panda 3",532,485,47,532,0.911654135338346,319,41282042,143528619,28.8,3955,10437,"Jan 29, 2016","Twentieth Century Fox",6.7,2016,"Adventure","Kids Fiction",1.4e+08,"e211c816-7ac6-3ab4-a473-595dd61ff15c",3.47678099353709,2016-01-29,"Winter",27.3611111111111,1.49890425993344,6.27852142416584
"Kung Fu Panda 4",1439,1116,323,1439,0.775538568450313,193,57989905,193590620,0.3,4.035,14371,"Mar 8, 2024","Universal Pictures",8.4,2024,"Comedy","Kids Fiction",8.5e+07,"a0fbfc3b-8712-3c3e-b5c1-9f2ebe5b5a14",3.33835035598006,2024-03-08,"Spring",25.5,1.46749417354638,7.27239839257005
"Lightyear",3039,2117,922,3039,0.696610727212899,246,50577961,118307188,42.8,4.255,11886,"Jun 17, 2022","Walt Disney Studios Motion Pictures",4.1,2022,"Adventure","Kids Fiction",2e+08,"d45bf7be-658f-489c-9b2a-05cc8e60c387",2.3391055246375,2022-06-17,"Summer",30.9722222222222,1.20570296412715,8.01961279440027
"Logan",3666,3257,409,3666,0.888434260774686,92,88411916,226277068,39.1,4071,21717,"Mar 3, 2017","Twentieth Century Fox",5.7,2017,"Action","Super Hero",1.27e+08,"19b3ce59-1a84-3c4c-8bcf-0cd5e9c88cbf",2.55935034820419,2017-03-03,"Spring",28,1.26957804175176,8.20712916807133
"Lucy",3210,1780,1430,3210,0.554517133956386,301,43899340,126663600,34.7,3.173,13835,"Jul 25, 2014","Universal Pictures",6.1,2014,"Action","Science Fiction",4e+07,"ce477485-fbe2-3703-b21d-45d6ea15417c",2.88531900479597,2014-07-25,"Summer",27.75,1.35720509236521,8.07433769408951
"Mad Max: Fury Road",5321,4470,851,5321,0.840067656455553,284,45428128,153636354,29.6,3.702,12271,"May 15, 2015","Warner Bros.",5.6,2015,"Action","Science Fiction",1.5e+08,"680ec6a1-da95-3c02-8690-7c23f1d18180",3.38196533213959,2015-05-15,"Spring",31.5833333333333,1.47749732971788,8.57960445153763
"Madagascar",105,72,33,105,0.685714285714286,270,47224594,193595521,24.4,4.131,11431,"May 27, 2005","DreamWorks Distribution",7.4,2005,"Adventure","Kids Fiction",7.5e+07,"bb00e48f-d837-383b-97bf-94b6ec10672d",4.09946395727616,2005-05-27,"Spring",33.4166666666667,1.62913542778977,4.66343909411207
"Madagascar 3: Europe's Most Wanted",2234,1981,253,2234,0.886750223813787,180,60316738,216391482,27.9,4.258,14165,"Jun 8, 2012","DreamWorks",6.3,2012,"Adventure","Kids Fiction",1.45e+08,"6fdddc30-b8bc-3bf4-b8ee-9756c880fe18",3.58758595333852,2012-06-08,"Summer",31.8888888888889,1.52335394962773,7.71199650704767
"Madagascar: Escape 2 Africa",5794,5029,765,5794,0.867966862271315,166,63106589,180010950,35.1,4056,15558,"Nov 7, 2008","DreamWorks",6.7,2008,"Adventure","Kids Fiction",1.5e+08,"de105416-70a6-3296-ad13-0ef9b58affbc",2.85249056956636,2008-11-07,"Autumn",29.5833333333333,1.34871984033538,8.66475075577385
"Maleficent",3914,3237,677,3914,0.827031170158406,142,69431298,241410378,28.8,3948,17586,"May 30, 2014","Walt Disney Studios Motion Pictures",7.4,2014,"Adventure","Fantasy",1.8e+08,"bae94b54-2cce-3bf1-b289-7e86d7ca4f17",3.47696766377607,2014-05-30,"Spring",26.5,1.49894595648896,8.2725706084249
"Man of Steel",10856,8611,2245,10856,0.793201915991157,56,116619362,291045518,40.1,4207,27720,"Jun 14, 2013","Warner Bros.",5,2013,"Action","Super Hero",2.25e+08,"3fbc9d82-14f0-3592-a00c-4f67b2a0da70",2.49568779153499,2013-06-14,"Summer",23.8333333333333,1.25153014932457,9.29256531223185
"Marvel's the Avengers",17450,16771,679,17450,0.9610888252149,7,207438708,623357910,33.3,4349,47698,"May 4, 2012","Walt Disney Studios Motion Pictures",8.7,2012,"Action","Super Hero",2.55e+08,"f362b9f5-57e0-3021-a310-ececbcf2f49f",3.0050221388768,2012-05-04,"Spring",28.1111111111111,1.38754910831448,9.76715223257887
"Meet the Fockers",126,92,34,126,0.73015873015873,279,46120980,279261160,16.5,3.518,13110,"Dec 22, 2004","Universal Pictures",8.4,2004,"Comedy","Contemporary Fiction",6e+07,"6a22098c-ea69-357f-9567-a066af1d3fc5",6.05497021095389,2004-12-22,"Winter",41.5833333333333,1.95373236289386,4.84418708645859
"Megamind",2695,2385,310,2695,0.884972170686456,282,46016833,148415853,0.3,3.944,11667,"Nov 5, 2010","DreamWorks",6.4,2010,"Adventure","Kids Fiction",1.3e+08,"30a2404f-54da-31be-9de8-a847b4e3a21a",3.22525135530296,2010-11-05,"Autumn",28.1111111111111,1.44107875141893,7.8995244720322
"Men in Black 3",5145,4412,733,5145,0.857531584062196,222,54592779,179020854,30.5,4.248,12851,"May 25, 2012","Sony Pictures Releasing",5.6,2012,"Action","Science Fiction",2.15e+08,"8b3eab15-7d5b-36d7-8de5-5ab306441e6d",3.27920390350526,2012-05-25,"Spring",28.9166666666667,1.45376698843893,8.54597499284169
"Minions",1424,800,624,1424,0.561797752808989,58,115718405,336045770,34.4,4301,26905,"Jul 10, 2015","Universal Pictures",7.8,2015,"Adventure","Kids Fiction",7.4e+07,"248a2702-4912-398f-a627-493b92cfb3ce",2.90399586824585,2015-07-10,"Summer",33.5,1.36200061021162,7.26192709270275
"Minions: The Rise of Gru",4200,3820,380,4200,0.90952380952381,64,107010140,370549695,28.9,4391,24370,"Jul 1, 2022","Universal Pictures",10.4,2022,"Adventure","Kids Fiction",1e+08,"0a892359-2d37-32e3-aa54-9979697ea466",3.46275310919133,2022-07-01,"Summer",26.8611111111111,1.4957658646438,8.34307787116938
"Mission: Impossible - Dead Reckoning Part One",5971,5523,448,5971,0.924970691676436,220,54688347,172640980,31.7,4.327,12638,"Jul 12, 2023","Paramount Pictures",5,2023,"Action","Contemporary Fiction",2.9e+08,"13881ac0-7e95-3889-bb57-8d3efc43dc1d",3.156814741539,2023-07-12,"Summer",37.2777777777778,1.42474909385501,8.69483715865908
"Mission: Impossible - Fallout",2164,1909,255,2164,0.882162661737523,175,61236534,220159104,27.8,4.386,13961,"Jul 27, 2018","Paramount Pictures",6.4,2018,"Action","Contemporary Fiction",1.78e+08,"5004f9bf-acc7-3c99-8e7f-208a7a692f1f",3.59522477219236,2018-07-27,"Summer",26.5555555555556,1.52501767130166,7.68017564043659
"Mission: Impossible III",2633,2224,409,2633,0.844663881503988,265,47743273,134029801,35.6,4.054,11776,"May 5, 2006","Paramount Pictures",5.4,2006,"Action","Contemporary Fiction",1.5e+08,"20421d03-7a50-3cb7-8d0a-06ecad06fda2",2.80730231879997,2006-05-05,"Spring",27.0555555555556,1.33692088554243,7.87625888230323
"Mission: Impossible Rogue Nation",2781,2587,194,2781,0.930240920532183,208,55520089,195042377,28.5,3.956,14034,"Jul 31, 2015","Paramount Pictures",7,2015,"Action","Contemporary Fiction",1.5e+08,"cd9060e7-5a09-3f24-af38-8d57a821db37",3.51300548167349,2015-07-31,"Summer",30.0555555555556,1.50696333548483,7.93092537248339
"Moana",1416,1325,91,1416,0.935734463276836,198,56631401,248757044,22.8,3.875,14614,"Nov 23, 2016","Walt Disney Studios Motion Pictures",8.2,2016,"Musical","Kids Fiction",1.5e+08,"acb75821-7ccb-3dcb-ab9c-35654eba9226",4.39256383574194,2016-11-23,"Autumn",39.5,1.68502093708629,7.25629723969068
"Monsters University",2757,2527,230,2757,0.916575988393181,107,82429469,268492764,30.7,4004,20586,"Jun 21, 2013","Walt Disney Studios Motion Pictures",6.2,2013,"Adventure","Kids Fiction",2e+08,"6e31c8f9-a10d-3937-88ec-c1322e31dbcb",3.25724243110192,2013-06-21,"Summer",32,1.44862163403866,7.92226105835325
"Monsters vs. Aliens",12027,10066,1961,12027,0.836950195393698,185,59321095,198351526,29.9,4.104,14454,"Mar 27, 2009","DreamWorks",7.4,2009,"Adventure","Kids Fiction",1.75e+08,"f5d5ba23-dcc2-3399-a891-1b1b1c32bf71",3.34369293081997,2009-03-27,"Spring",27.5833333333333,1.46872489201616,9.39499254410842
"Mr. & Mrs. Smith",261,231,30,261,0.885057471264368,248,50342878,186336279,0.3,3.424,14702,"Jun 10, 2005","Twentieth Century Fox",7.4,2005,"Action","Contemporary Fiction",1.1e+08,"90d904de-823d-3ed6-913c-53d7acd9de51",3.70134339558418,2005-06-10,"Summer",26.8611111111111,1.54784829672243,5.5683445037611
"National Treasure: Book of Secrets",15547,13056,2491,15547,0.839776162603718,291,44783772,219964115,20.4,3.832,11686,"Dec 21, 2007","Walt Disney Studios Motion Pictures",7.1,2007,"Adventure","Contemporary Fiction",1.3e+08,"84054bd2-d6b0-3089-b37f-e631e357d6cb",4.91169245413272,2007-12-21,"Winter",39.75,1.77693216167924,9.65168729197211
"Neighbors",1963,1452,511,1963,0.7396841569027,258,49033915,150157400,32.7,3.279,14953,"May 9, 2014","Universal Pictures",6.2,2014,"Comedy","Contemporary Fiction",1.8e+07,"fddd75ae-7365-3447-802b-fab0196ed6c3",3.06231717373577,2014-05-09,"Spring",30.0277777777778,1.40175354325505,7.58273848891441
"Night at the Museum: Battle of the Smithsonian",11643,8609,3034,11643,0.73941424031607,227,54173286,177243721,30.6,4.096,13225,"May 22, 2009","Twentieth Century Fox",6.3,2009,"Adventure","Fantasy",1.5e+08,"7f4c2043-f6ee-3fd0-bf95-d092b94a24f4",3.27179194926444,2009-05-22,"Spring",30.6111111111111,1.45203339945708,9.36254630486551
"No Time to Die",6886,5782,1104,6886,0.839674702294511,211,55225007,160891007,34.3,4.407,12531,"Oct 8, 2021","Metro-Goldwyn-Mayer (MGM)",6.3,2021,"Action","Contemporary Fiction",2.5e+08,"f0332c7a-b0aa-3c80-a064-ab3e2eb643ca",2.91337232424434,2021-10-08,"Autumn",30.1666666666667,1.36439948928808,8.8373908555447
"Noah",3343,1301,2042,3343,0.389171402931499,303,43720472,101200044,43.2,3.567,12256,"Mar 28, 2014","Paramount Pictures",4.7,2014,"Drama","Historical Fiction",1.3e+08,"3dbe62ee-60fd-3ef6-a4d9-1fb4edad3747",2.31470611753688,2014-03-28,"Spring",21.8333333333333,1.19836896738124,8.11492297420459
"Nope",5241,3317,1924,5241,0.632894485785156,295,44366910,123277080,0.4,3.785,11721,"Jul 22, 2022","Universal Pictures",5.6,2022,"Horror","Science Fiction",6.8e+07,"6de3b2af-ef38-3d26-ae60-82d87e4dcbb9",2.77858160507459,2022-07-22,"Summer",30.0833333333333,1.32934870245982,8.56445838388335
"Ocean's 8",1189,679,510,1189,0.571068124474348,315,41607378,140218711,29.7,4.145,10037,"Jun 8, 2018","Warner Bros.",5.4,2018,"Comedy","Contemporary Fiction",7e+07,"d20cde98-c4d0-31f3-adb2-2c98e4fbe8bf",3.37004439453022,2018-06-08,"Summer",32.75,1.4747731679873,7.08170858610557
"Once Upon a Time... In Hollywood",11756,7543,4213,11756,0.641629806056482,321,41082018,142502728,28.8,3659,11227,"Jul 26, 2019","Sony Pictures Releasing",7,2019,"Thriller","Dramatization",9e+07,"905dee0d-15e0-3a12-b5c5-414256cdaed0",3.46873729523219,2019-07-26,"Summer",34.2222222222222,1.49710588443117,9.37220408686774
"Oppenheimer",12846,11289,1557,12846,0.878794955628211,106,82455420,330078895,0.25,361,22840,"Jul 21, 2023","Universal Pictures",10.1,2023,"Drama","Dramatization",1e+08,"07d7f9a2-3fa1-342a-b6ca-27fd594e04c6",4.00311944320943,2023-07-21,"Summer",29.9722222222222,1.61006160653838,9.46086560003161
"Oz the Great and Powerful",4800,3479,1321,4800,0.724791666666667,112,79110453,234911825,33.7,3912,20222,"Mar 8, 2013","Walt Disney Studios Motion Pictures",7.1,2013,"Adventure","Fantasy",2e+08,"321c331b-fd64-351b-a9a5-a290b2b6de42",2.9694157483841,2013-03-08,"Spring",23.6388888888889,1.37861891721514,8.47657950853094
"Paranormal Activity 2",3103,2127,976,3103,0.685465678375765,326,40678424,84752907,48,3216,12648,"Oct 22, 2010","Paramount Pictures",4.4,2010,"Horror","Contemporary Fiction",3e+06,"dc15cd32-0507-3191-92ee-16c1e9cde726",2.0834855106481,2010-10-22,"Autumn",24.3888888888889,1.12606061644311,8.04044688130311
"Paranormal Activity 3",2535,1658,877,2535,0.654043392504931,234,52568183,104028807,50.5,3.321,15829,"Oct 21, 2011","Paramount Pictures",4.7,2011,"Horror","Contemporary Fiction",5e+06,"6f6d70f1-509d-3867-99cc-c3666592af45",1.978931000906,2011-10-21,"Autumn",20.25,1.09156451163209,7.83834331555712
"Pirates of the Caribbean: At World's End",221480,179414,42066,221480,0.8100686292216,59,114732820,309420425,37.1,4362,26302,"May 25, 2007","Walt Disney Studios Motion Pictures",6.1,2007,"Adventure","Historical Fiction",3e+08,"59b70666-a1e8-37e2-a483-8d32a1c532f9",2.6968780598263,2007-05-25,"Spring",25.4444444444444,1.30748869586341,12.3080920860071
"Pirates of the Caribbean: Dead Man's Chest",11126,10447,679,11126,0.938971777817724,37,135634554,423315812,0.32,4133,32817,"Jul 7, 2006","Walt Disney Studios Motion Pictures",8.3,2006,"Adventure","Historical Fiction",2.25e+08,"34ee34b1-a22e-38cb-ae88-2e6fb9579bbc",3.12100272029501,2006-07-07,"Summer",27.4166666666667,1.41609651246202,9.3171298661577
"Pirates of the Caribbean: Dead Men Tell No Tales",1499,1108,391,1499,0.739159439626418,168,62983253,172558876,36.5,4276,14729,"May 26, 2017","Walt Disney Studios Motion Pictures",5.2,2017,"Adventure","Historical Fiction",2.3e+08,"609cebd3-6109-3bcc-a19f-0f3946b9c795",2.73975807505528,2017-05-26,"Spring",32.1111111111111,1.31902092352013,7.3132203870903
"Pirates of the Caribbean: On Stranger Tides",6099,4278,1821,6099,0.701426463354648,91,90151958,241071802,37.4,4155,21697,"May 20, 2011","Walt Disney Studios Motion Pictures",6,2011,"Adventure","Historical Fiction",3.79e+08,"1e1748cd-5616-3725-9125-455bee78371b",2.67406063437912,2011-05-20,"Spring",24.3333333333333,1.30129749029832,8.7160440501614
"Pitch Perfect 2",1338,1016,322,1338,0.759342301943199,144,69216890,184296230,37.6,3473,19930,"May 15, 2015","Universal Pictures",5.8,2015,"Comedy","Contemporary Fiction",2.9e+07,"ba8333b8-50a2-3a0f-8dd7-0c1f4672723c",2.66259044577126,2015-05-15,"Spring",26.3055555555556,1.29817066912939,7.19967834569117
"Pokémon Detective Pikachu",3472,3086,386,3472,0.888824884792627,225,54365242,144105346,37.7,4.202,12937,"May 10, 2019","Warner Bros.",4.8,2019,"Comedy","Kids Fiction",1.5e+08,"79346ad2-7e7c-3b0d-93e8-3dd39c1eee0d",2.65068894570542,2019-05-10,"Spring",NA,1.294915902031,8.15277405274407
"Prometheus",8940,6568,2372,8940,0.734675615212528,242,51050101,126477084,40.4,3.396,15032,"Jun 8, 2012","Twentieth Century Fox",4.2,2012,"Thriller","Science Fiction",1.25e+08,"43e60514-5a48-3ad1-8cbb-a6a6ac88d3a0",2.47750898671092,2012-06-08,"Summer",24.3611111111111,1.24631622905681,9.09840271873532
"Quantum of Solace",16048,12457,3591,16048,0.776233798604187,152,67528882,168368427,40.1,3451,19567,"Nov 14, 2008","Sony Pictures Releasing",6,2008,"Action","Contemporary Fiction",2.3e+08,"4d7b1199-5975-305c-88b5-e8ff1f1baf43",2.49328023822459,2008-11-14,"Autumn",25.5277777777778,1.25084119112777,9.68340182132116
"Ralph Breaks the Internet",1169,839,330,1169,0.71770744225834,201,56237634,201091711,0.3,4.017,13999,"Nov 21, 2018","Walt Disney Studios Motion Pictures",7.6,2018,"Adventure","Kids Fiction",1.75e+08,"ac9663f5-3e35-4d4a-ba90-f8a3061d7c55",3.57574984395681,2018-11-21,"Autumn",31.3055555555556,1.52077058561572,7.0647590277918
"Ratatouille",41865,39384,2481,41865,0.940738086707273,272,47027395,206445654,22.8,3.94,11935,"Jun 29, 2007","Walt Disney Studios Motion Pictures",7.5,2007,"Adventure","Kids Fiction",1.5e+08,"86d13a34-b57d-30ab-9fbe-948223cfbb96",4.3899019709682,2007-06-29,"Summer",34.6111111111111,1.6845271975511,10.6422293206545
"Ready Player One",3475,2795,680,3475,0.80431654676259,312,41764050,137690172,30.3,4.234,9863,"Mar 29, 2018","Warner Bros.",5.1,2018,"Adventure","Science Fiction",1.5e+08,"b0b0ce92-7fd8-3d7d-b370-7e4e0c277c80",3.2968587098234,2018-03-29,"Spring",31.5833333333333,1.45788422313134,8.15363748638528
"Ride Along",1112,825,287,1112,0.741906474820144,317,41516170,134938200,30.8,2663,15590,"Jan 17, 2014","Universal Pictures",7.5,2014,"Comedy","Contemporary Fiction",2.5e+07,"df071bc2-3ae0-3a84-ada5-5a6afb516dce",3.25025646633589,2014-01-17,"Winter",25.75,1.44697932613585,7.01481435127554
"Rise of the Planet of the Apes",7941,7410,531,7941,0.933131847374386,217,54806191,176760185,0.3,3.648,15023,"Aug 5, 2011","Twentieth Century Fox",7.1,2011,"Adventure","Science Fiction",9.3e+07,"d295559c-7713-3592-a64a-7c430106c8ea",3.22518645749346,2011-08-05,"Summer",24.9166666666667,1.44106339178647,8.9799204116912
"Rogue One: A Star Wars Story",4629,3913,716,4629,0.845322963923094,24,155081681,532177324,29.1,4157,37306,"Dec 16, 2016","Walt Disney Studios Motion Pictures",7.1,2016,"Adventure","Science Fiction",280200000,"6eeeadff-c77d-3b35-aaa0-f0d59022b041",3.43159372898466,2016-12-16,"Winter",32.1666666666667,1.48875927759538,8.44031214708028
"Rush Hour 3",20253,15651,4602,20253,0.772774403792031,249,50237000,140125968,35.8,3.778,13297,"Aug 10, 2007","New Line Cinema",6.2,2007,"Action","Contemporary Fiction",1.8e+08,"d0b4a5b1-81d3-34ac-bd9b-d82427932230",2.7892980870673,2007-08-10,"Summer",25.3611111111111,1.33218080064095,9.91610758389223
"Saban's Power Rangers",1258,1070,188,1258,0.850556438791733,334,40300288,85364450,47.2,3693,10912,"Mar 24, 2017","Lionsgate",4.3,2017,"Action","Kids Fiction",1.2e+08,"724153c7-ae66-3e47-be58-c8fd1f2efc05",2.11820942818076,2017-03-24,"Spring",21.6666666666667,1.13725893585293,7.13807303404435
"San Andreas",1815,1351,464,1815,0.74435261707989,223,54588173,155190832,35.2,3.777,14452,"May 29, 2015","Warner Bros.",5.8,2015,"Adventure","Science Fiction",1.1e+08,"c87b1266-de76-324a-8893-d85dc2069127",2.84293874425876,2015-05-29,"Spring",29.8611111111111,1.34623737189251,7.50439155916124
"Scream VI",2893,2667,226,2893,0.921880400967853,294,44447270,108391107,0.4,3.675,12094,"Mar 10, 2023","Paramount Pictures",4.9,2023,"Horror","Contemporary Fiction",3.3e+07,"15267f83-191e-3f0a-94c2-57674708553f",2.43864487065235,2023-03-10,"Spring",26.0833333333333,1.23507746082344,7.97039490719143
"Sex and the City",19403,17513,1890,19403,0.902592382621244,196,57038404,152647258,37.4,3.285,17363,"May 30, 2008","Warner Bros.",5.5,2008,"Comedy","Contemporary Fiction",57500000,"86d95f25-732a-323b-be16-7a00e5377a42",2.67621895591609,2008-05-30,"Spring",24,1.30188476635292,9.87323450936511
"Shang-Chi and the Legend of the Ten Rings",8639,8287,352,8639,0.959254543349925,120,75388688,224543292,33.6,43,17532,"Sep 3, 2021","Walt Disney Studios Motion Pictures",6.7,2021,"Action","Super Hero",1.5e+08,"4f12e008-d22e-35e3-ae66-0facd40741da",2.97847459555205,2021-09-03,"Autumn",27.75,1.38089847838137,9.0641578617981
"Shazam!",3478,3068,410,3478,0.882116158711903,230,53505326,140371656,38.1,4.217,12688,"Apr 5, 2019","Warner Bros.",5.1,2019,"Action","Super Hero",8.5e+07,"0ade96f4-c9f4-3691-9912-8e7319858082",2.62350809711915,2019-04-05,"Spring",26.8888888888889,1.28744264417741,8.15450017515194
"Sherlock Holmes",16340,14378,1962,16340,0.879926560587515,172,62304277,209028679,29.8,3.626,17182,"Dec 25, 2009","Warner Bros.",6.8,2009,"Adventure","Historical Fiction",9e+07,"fb2262ba-7ab0-35a4-879f-2fe0a7763d1c",3.35496516555356,2009-12-25,"Winter",28.1388888888889,1.47131661154769,9.70143256605178
"Shrek 2",249,237,12,249,0.951807228915663,63,108037878,441550292,24.5,4163,25951,"May 19, 2004","DreamWorks Distribution",8.6,2004,"Adventure","Kids Fiction",7e+07,"42c0dd81-a26d-351b-b446-385fdbdf4669",4.0869952295805,2004-05-19,"Spring",39.7222222222222,1.62668732807343,5.52146091786225
"Shrek Forever After",3520,2738,782,3520,0.777840909090909,134,70838207,238736787,29.7,4359,16251,"May 21, 2010","DreamWorks",5.9,2010,"Adventure","Kids Fiction",1.65e+08,"2734371e-65e3-3a59-b2e6-6d6e449e5e29",3.37016981528062,2010-05-21,"Spring",30.25,1.47480186768444,8.16650031915505
"Shrek the Third",97427,68935,28492,97427,0.707555400453673,51,121629270,322719944,37.7,4122,29507,"May 18, 2007","DreamWorks",6.7,2007,"Adventure","Kids Fiction",1.6e+08,"e61b6984-f2bb-3c5e-a267-00f00a6e8cdd",2.65330823740042,2007-05-18,"Spring",25.2222222222222,1.29563312350346,11.4868689226504
"Shutter Island",8407,6881,1526,8407,0.818484596169858,322,41062440,128012934,32.1,2991,13728,"Feb 19, 2010","Paramount Pictures",6.5,2010,"Thriller","Historical Fiction",8e+07,"92844dc6-c5a8-351c-a047-8e9d80dab315",3.11751892970803,2010-02-19,"Winter",26.0833333333333,1.41525078043809,9.03693891255679
"Skyfall",8096,7130,966,8096,0.880681818181818,93,88364714,304360277,0.29,3505,25211,"Nov 9, 2012","Sony Pictures Releasing",8.2,2012,"Action","Contemporary Fiction",2e+08,"128afdcd-1696-32e1-b0f3-87aca4507b5e",3.44436442130057,2012-11-09,"Autumn",27.25,1.49163687140825,8.99924890168611
"Snow White and the Huntsman",6053,3984,2069,6053,0.658186023459442,202,56217700,155332381,36.2,3.773,14900,"Jun 1, 2012","Universal Pictures",5.4,2012,"Adventure","Fantasy",1.7e+08,"ed045d98-7691-3c97-b4eb-35d25dc5e1a9",2.7630511564863,2012-06-01,"Summer",24.5277777777778,1.32523010612062,8.70847448958166
"Solo: A Star Wars Story",7291,5763,1528,7291,0.790426553284872,102,84420489,213767512,39.5,4381,19269,"May 25, 2018","Walt Disney Studios Motion Pictures",5.2,2018,"Adventure","Science Fiction",330400000,"133d44a6-0366-3864-9af9-b1f1f3433e97",2.53217571388387,2018-05-25,"Spring",26.1388888888889,1.26191403062201,8.89453313579855
"Sonic the Hedgehog",10376,10044,332,10376,0.968003084040092,192,58018348,148974665,0.4,4.167,13923,"Feb 14, 2020","Paramount Pictures",4.6,2020,"Adventure","Kids Fiction",9e+07,"830ee800-ff39-3bbb-b43b-5d2cdafab169",2.5677164230874,2020-02-14,"Winter",27.1111111111111,1.27192573372498,9.24734709760528
"Sonic the Hedgehog 2",4719,4584,135,4719,0.971392244119517,129,72105176,190872904,37.8,4234,17030,"Apr 8, 2022","Paramount Pictures",7.5,2022,"Adventure","Kids Fiction",9e+07,"3ca56f59-864d-3b87-82cb-5fa85ce2b0db",2.64714566399505,2022-04-08,"Spring",27.8611111111111,1.29394485180081,8.4595640785796
"Spectre",2574,1834,740,2574,0.712509712509713,137,70403148,200074609,35.2,3929,17918,"Nov 6, 2015","Sony Pictures Releasing",6,2015,"Action","Contemporary Fiction",2.45e+08,"814e935d-1315-3f5f-8c49-52e52488989e",2.84184180230123,2015-11-06,"Autumn",26.4166666666667,1.34595188762699,7.85360481309784
"Spider-Man 2",392,354,38,392,0.903061224489796,94,88156227,373585825,23.6,4152,21232,"Jun 30, 2004","Sony Pictures Releasing",7.2,2004,"Adventure","Super Hero",2e+08,"161dddb8-84c7-3ded-b9ed-0b2381422464",4.23777012371457,2004-06-30,"Summer",42.8055555555556,1.65589585885189,5.97380961186926
"Spider-Man 3",126915,81590,45325,126915,0.642871213016586,27,151116516,336530303,44.9,4252,35540,"May 4, 2007","Sony Pictures Releasing",6.5,2007,"Adventure","Super Hero",2.58e+08,"b2edf9af-70bb-3795-bff0-8867843b4925",2.22695911676524,2007-05-04,"Spring",24.3055555555556,1.17154024387437,11.751280729285
"Spider-Man: Across the Spider-Verse",10621,9878,743,10621,0.930044251953677,53,120663589,381311319,31.6,4313,27976,"Jun 2, 2023","Columbia Pictures",6.9,2023,"Adventure","Super Hero",1e+08,"27539355-4940-4c29-aaab-d3fe4dafa4ee",3.16011915574631,2023-06-02,"Summer",33.1388888888889,1.42554371707121,9.27068260098234
"Spider-Man: Far From Home",13323,12479,844,13323,0.93665090445095,85,92579212,390532085,23.7,4634,19978,"Jul 2, 2019","Sony Pictures Releasing",7.2,2019,"Action","Super Hero",1.6e+08,"e30a2b53-f8e0-35f2-a0a2-cac777f4bdc1",4.21835611432942,2019-07-02,"Summer",37.9444444444444,1.65218243167009,9.49732219931357
"Spider-Man: Homecoming",2899,2522,377,2899,0.869955156950673,55,117027503,334201140,0.35,4348,26915,"Jul 7, 2017","Sony Pictures Releasing",8.1,2017,"Action","Super Hero",1.75e+08,"9510a895-440a-37d7-aa67-9f456126a2ab",2.85574870378974,2017-07-07,"Summer",27.0833333333333,1.34956520444562,7.97246601597457
"Spider-Man: No Way Home",26143,25272,871,26143,0.966683242168076,2,260138569,804793477,32.3,4336,59995,"Dec 17, 2021","Sony Pictures Releasing",14.8,2021,"Action","Super Hero",2e+08,"37409a82-f3ab-3187-b0da-efeefa489456",3.09371071000241,2021-12-17,"Winter",33.4722222222222,1.4094518227987,10.1713749976597
"Star Trek",33832,32342,1490,33832,0.9559588555214,121,75204289,257730019,29.2,3849,19538,"May 8, 2009","Paramount Pictures",7.4,2009,"Action","Science Fiction",1.4e+08,"94813ccb-6c7d-3e0a-a635-81d828ab78ab",3.42706542973899,2009-05-08,"Spring",26.9444444444444,1.48773693334239,10.4291919365306
"Star Trek Beyond",2937,2382,555,2937,0.811031664964249,186,59253211,158848340,37.3,3.928,15084,"Jul 22, 2016","Paramount Pictures",5.2,2016,"Adventure","Science Fiction",1.85e+08,"6cc568f8-7c72-36bc-a403-9a8f04181d6c",2.68083935569331,2016-07-22,"Summer",26.8611111111111,1.30314081195946,7.98548435673382
"Star Trek Into Darkness",6383,5911,472,6383,0.926053579821401,139,70165559,228778661,30.7,3868,18140,"May 16, 2013","Paramount Pictures",5.8,2013,"Adventure","Science Fiction",1.9e+08,"5a1b6255-3a4e-32b5-8369-72d11f2128c2",3.26055495403379,2013-05-16,"Spring",28.9722222222222,1.44939942269671,8.76155013912964
"Star Wars: Episode III - Revenge of the Sith",665,563,102,665,0.846616541353383,62,108435841,380270577,28.5,3661,29619,"May 19, 2005","Twentieth Century Fox",8.1,2005,"Adventure","Science Fiction",1.15e+08,"2ce28849-980d-3c3b-bcca-bd0b38dfec9f",3.50687165325715,2005-05-19,"Spring",32.25,1.50560326610249,6.50128967054039
"Star Wars: The Force Awakens",9242,7093,2149,9242,0.767474572603333,4,247966675,936662225,26.5,4134,59982,"Dec 18, 2015","Walt Disney Studios Motion Pictures",9.2,2015,"Adventure","Science Fiction",533200000,"83b1f72e-6dd5-3538-89dd-b10e57016fbf",3.77737139476504,2015-12-18,"Winter",30.1666666666667,1.56389047783016,9.13162178726478
"Star Wars: The Last Jedi",43391,16620,26771,43391,0.383028738678528,5,220009584,620181382,35.5,4232,51987,"Dec 15, 2017","Walt Disney Studios Motion Pictures",6.7,2017,"Adventure","Science Fiction",2.62e+08,"ad34316e-4d9c-3f65-a3cf-4a2174e294a1",2.81888348100326,2017-12-15,"Winter",28.8888888888889,1.33995809743576,10.6780303713001
"Star Wars: The Rise of Skywalker",71050,55215,15835,71050,0.777128782547502,15,177383864,515202542,34.4,4406,40259,"Dec 20, 2019","Walt Disney Studios Motion Pictures",6.7,2019,"Adventure","Science Fiction",2.75e+08,"d7083795-3ab7-3b17-9717-bbe6401ffd79",2.904449877132,2019-12-20,"Winter",27.25,1.36211689683292,11.1711532080216
"Straight Outta Compton",1416,1349,67,1416,0.952683615819209,182,60200180,161197785,37.4,2.757,21835,"Aug 14, 2015","Universal Pictures",5.7,2015,"Drama","Dramatization",2.8e+07,"b00919ef-0da6-32e9-baab-fc203cc1ac70",2.67769606336725,2015-08-14,"Summer",28.6388888888889,1.30228648638018,7.25629723969068
"Suicide Squad",11376,8301,3075,11376,0.729694092827004,41,133682248,325100054,41.1,4255,31417,"Aug 5, 2016","Warner Bros.",7.4,2016,"Action","Super Hero",1.75e+08,"1e6b9ec8-b7de-3097-a46b-6fb264532b21",2.43188649849754,2016-08-05,"Summer",30.6666666666667,1.23311010954549,9.33934905253972
"Superman Returns",2937,2459,478,2937,0.837248893428669,235,52535096,200081192,26.3,4.065,12923,"Jun 28, 2006","Warner Bros.",5.5,2006,"Adventure","Super Hero",2.32e+08,"4172e53a-d9ad-361d-936d-af46759fe0de",3.80852434342178,2006-06-28,"Summer",38.0277777777778,1.5703902477388,7.98548435673382
"Taken 2",2829,1850,979,2829,0.653941322021916,254,49514769,139854287,35.4,3.661,13524,"Oct 5, 2012","Twentieth Century Fox",6.6,2012,"Thriller","Contemporary Fiction",4.5e+07,"88b28817-cfac-3330-8b3e-b4d870e386e8",2.82449640429505,2012-10-05,"Autumn",22.1944444444444,1.34142679960286,7.94803199063728
"Talladega Nights: The Ballad of Ricky Bobby",1634,1355,279,1634,0.829253365973072,271,47042215,148213377,31.7,3.803,12369,"Aug 4, 2006","Sony Pictures Releasing",6.5,2006,"Comedy","Contemporary Fiction",7.3e+07,"d2cfe03d-319b-3350-b10b-29882bb36d9c",3.15064622275971,2006-08-04,"Summer",28.1944444444444,1.42326403844772,7.39939808333135
"Tangled",4892,4702,190,4892,0.961161079313164,260,48767052,200821936,24.3,3.603,13535,"Nov 24, 2010","Walt Disney Studios Motion Pictures",9,2010,"Adventure","Kids Fiction",2.6e+08,"ef0724cc-185c-329e-88e9-51f03d62871e",4.11798392078324,2010-11-24,"Autumn",34.75,1.63276059603341,8.49556089128912
"Ted",6651,5792,859,6651,0.870846489249737,224,54415205,218815487,24.9,3.239,16800,"Jun 29, 2012","Universal Pictures",7.6,2012,"Comedy","Contemporary Fiction",5e+07,"75443d2e-4f88-3c01-93aa-daa8f2e1343b",4.02121956537699,2012-06-29,"Summer",33.6111111111111,1.61367284550833,8.80267284031282
"Teenage Mutant Ninja Turtles",2389,1598,791,2389,0.668899120971118,160,65575105,191204754,34.3,3845,17054,"Aug 8, 2014","Paramount Pictures",7,2014,"Adventure","Super Hero",1.25e+08,"f6ccece7-a312-3de8-bd8b-1a4678a20fac",2.91581315805747,2014-08-08,"Summer",26.3888888888889,1.36502301108297,7.77904864492556
"Terminator Salvation",15880,11891,3989,15880,0.748803526448363,307,42558390,125322469,0.3,3.53,12056,"May 21, 2009","Warner Bros.",5,2009,"Action","Science Fiction",2e+08,"7fa597c7-b595-39c8-bb6f-66d2baab1739",2.94471827999132,2009-05-21,"Spring",28.9444444444444,1.37237753983187,9.67287870511065
"The Amazing Spider-Man",9054,7681,1373,9054,0.848354318533245,174,62004688,262030663,23.7,4.318,14359,"Jul 3, 2012","Sony Pictures Releasing",5.2,2012,"Action","Super Hero",2.2e+08,"ef80c7c5-c319-3a49-91d9-63bd230d4d81",4.22598147740055,2012-07-03,"Summer",28,1.65364262277537,9.11107237031751
"The Amazing Spider-Man 2",3978,2835,1143,3978,0.712669683257919,86,91608337,202853933,45.2,4324,21186,"May 2, 2014","Sony Pictures Releasing",5.2,2014,"Action","Super Hero",2e+08,"1ce8792a-fb45-3bd8-a726-22005f03e075",2.21436104663705,2014-05-02,"Spring",24.6666666666667,1.16762859661195,8.28878581042693
"The Batman",16089,13635,2454,16089,0.847473429050904,40,134008624,369345583,36.3,4417,30339,"Mar 4, 2022","Warner Bros.",6.8,2022,"Action","Super Hero",2e+08,"60f1eca0-6a51-3cb2-95b6-3ab959ba6e87",2.75613294111579,2022-03-04,"Spring",30.2222222222222,1.32338995505293,9.68595323998643
"The Boss Baby",490,314,176,490,0.640816326530612,251,50198902,175003033,28.7,3.773,13304,"Mar 31, 2017","Twentieth Century Fox",8.2,2017,"Adventure","Kids Fiction",1.25e+08,"33bebe51-a295-3f3c-9315-218f863fe8b9",3.48619244699814,2017-03-31,"Spring",20.5555555555556,1.50100433464245,6.19644412779452
"The Bourne Supremacy",184,166,18,184,0.902173913043478,236,52521865,176241941,29.8,3.165,16594,"Jul 23, 2004","Universal Pictures",7.7,2004,"Thriller","Contemporary Fiction",8.5e+07,"d22e4f04-7282-3bc6-a1ed-e8133b9166e8",3.35559182827952,2004-07-23,"Summer",26,1.47146049734684,5.22035582507832
"The Bourne Ultimatum",38252,36171,2081,38252,0.945597615810938,143,69283690,227471070,30.5,366,18929,"Aug 3, 2007","Universal Pictures",8.2,2007,"Thriller","Contemporary Fiction",1.3e+08,"b41a1cf5-c300-3eb1-9d7c-6947d745e0f6",3.28318353136214,2007-08-03,"Summer",26.8888888888889,1.4546965488387,10.5519772675517
"The Chronicles of Narnia: Prince Caspian",16292,14398,1894,16292,0.883746624109993,215,55034805,141621490,38.9,3.929,14007,"May 16, 2008","Walt Disney Studios Motion Pictures",5.4,2008,"Adventure","Fantasy",2.25e+08,"01542ce2-2799-3548-ba0b-65aeb84dd565",2.57330774588917,2008-05-16,"Spring",19.3611111111111,1.27349170628356,9.69849084670295
"The Chronicles of Narnia: The Lion, the Witch and the Wardrobe",10271,8889,1382,10271,0.865446402492455,161,65556312,291710957,22.5,3616,18129,"Dec 9, 2005","Walt Disney Studios Motion Pictures",8.7,2005,"Adventure","Fantasy",1.8e+08,"08cb7400-77d3-394a-9054-a6843e4f0dda",4.44977681172791,2005-12-09,"Winter",42,1.69557465586007,9.23717702592974
"The Conjuring",3893,3518,375,3893,0.903673259696892,311,41855326,137400141,30.5,2.903,14417,"Jul 19, 2013","Warner Bros.",6,2013,"Horror","Fantasy",2e+07,"5aff6a2c-e35b-34b9-90c7-364aeadd4ff3",3.28273971632666,2013-07-19,"Summer",27.9722222222222,1.45459292544095,8.26719218593215
"The Conjuring 2",1097,971,126,1097,0.88514129443938,331,40406314,102470008,39.4,3343,12086,"Jun 10, 2016","Warner Bros.",4.2,2016,"Horror","Fantasy",4e+07,"3ff55141-66e2-3a0b-9bb9-2c49ead9ba84",2.53598999403905,2016-06-10,"Summer",23.8611111111111,1.26299331503131,7.00124562206948
"The Croods",2126,1977,149,2126,0.929915333960489,304,43639736,187168425,23.3,4.046,10785,"Mar 22, 2013","Twentieth Century Fox",8.6,2013,"Adventure","Kids Fiction",1.35e+08,"cad3380d-6342-3b38-ade8-e4b13c3cb834",4.28894494228838,2013-03-22,"Spring",32.6666666666667,1.66561878217683,7.66246781520024
"The Da Vinci Code",5105,4102,1003,5105,0.803525954946131,116,77073388,217536138,35.4,3735,20635,"May 19, 2006","Sony Pictures Releasing",6.2,2006,"Adventure","Contemporary Fiction",1.25e+08,"8e3cf629-fda1-3e57-8b02-5dd5ea0fb22e",2.82245459353623,2006-05-19,"Spring",26.3333333333333,1.34089278001573,8.53817159780143
"The Dark Knight",82248,80289,1959,82248,0.976181791654508,22,158411483,533345358,29.7,4366,36282,"Jul 18, 2008","Warner Bros.",9,2008,"Action","Super Hero",1.85e+08,"6263201f-baf8-3312-a482-f8dec3edd662",3.36683520600587,2008-07-18,"Summer",27.1944444444444,1.4740385375894,11.317506510499
"The Dark Knight Rises",14324,12835,1489,14324,0.896048589779391,21,160887295,448139099,35.9,4404,36532,"Jul 20, 2012","Warner Bros.",7.4,2012,"Action","Super Hero",2.3e+08,"4cce0287-cff7-3d82-9914-ddf9ec69f986",2.7854225468829,2012-07-20,"Summer",20.8055555555556,1.33115751787981,9.56976154158294
"The Day After Tomorrow",194,124,70,194,0.639175257731959,146,68743584,186740799,36.8,3425,20071,"May 28, 2004","Twentieth Century Fox",5.8,2004,"Adventure","Science Fiction",1.25e+08,"f72c54d2-aab0-3826-83ff-6219dd376201",2.71648331573751,2004-05-28,"Spring",23,1.31277787593259,5.27299955856375
"The Divergent Series: Insurgent",917,584,333,917,0.636859323882225,237,52263680,130179072,40.2,3.875,13487,"Mar 20, 2015","Lionsgate",5.9,2015,"Action","Science Fiction",1.1e+08,"9881a184-3c56-3e79-9256-9c36a1c15dba",2.49081335259974,2015-03-20,"Spring",25.9166666666667,1.2501347613827,6.82219739062049
"The Fate of the Furious",1279,1084,195,1279,0.847537138389367,74,98786705,226008385,43.7,431,22920,"Apr 14, 2017","Universal Pictures",5.7,2017,"Action","Contemporary Fiction",2.5e+08,"16c39ad7-8352-34c2-8fcf-66ad01d149b0",2.28784212409959,2017-04-14,"Spring",21.5555555555556,1.19023146025634,7.15461535691366
"The Fault in Our Stars",1779,1636,143,1779,0.919617762788083,263,48002523,124872350,38.4,3.173,15128,"Jun 6, 2014","Twentieth Century Fox",5.3,2014,"Drama","Contemporary Fiction",1.2e+07,"0eddbb5b-393e-3c6c-8eab-1fc31f66e565",2.60137055712676,2014-06-06,"Summer",28.9444444444444,1.28131448332327,7.48436864328613
"The Flash",7282,6022,1260,7282,0.826970612469102,214,55043679,108133313,50.9,4.234,13000,"Jun 16, 2023","Warner Bros.",3.3,2023,"Action","Super Hero",2e+08,"7807e2b5-72d7-3dc7-8cd4-b9482b82fe01",1.96450010181914,2023-06-16,"Summer",27.0555555555556,1.08670841851143,8.89329814421792
"The Great Gatsby",3433,2718,715,3433,0.791727352170114,253,50085185,144840419,34.6,3.535,14168,"May 10, 2013","Warner Bros.",5.4,2013,"Drama","Historical Fiction",1.9e+08,"5a1f1493-9f16-3677-a3e6-9c13646fcff8",2.89188148151993,2013-05-10,"Spring",29.1944444444444,1.35889271204096,8.14148104145742
"The Hangover",30304,28334,1970,30304,0.934992080253432,290,44979319,277322503,16.2,3.269,13759,"Jun 5, 2009","Warner Bros.",10.1,2009,"Comedy","Contemporary Fiction",3.5e+07,"678b5707-a1fe-35d5-b5ae-9ad34bf380b3",6.16555584134122,2009-06-05,"Summer",44.1388888888889,1.96928563556932,10.3190679943854
"The Hangover Part II",6923,4616,2307,6923,0.666762964032934,96,85946294,254464305,33.8,3615,23774,"May 26, 2011","Warner Bros.",5.9,2011,"Comedy","Contemporary Fiction",8e+07,"30c99c93-3e26-3a93-9744-6cd2ebe101c8",2.96073621277958,2011-05-26,"Spring",29.3611111111111,1.37642992030491,8.8427489162961
"The Hangover Part III",2501,1317,1184,2501,0.526589364254298,314,41671198,112200072,37.1,3.555,11721,"May 23, 2013","Warner Bros.",4.4,2013,"Comedy","Contemporary Fiction",1.03e+08,"b55dc0e0-fa4c-3b4d-9dd1-211b0d1e49e8",2.69250891227077,2013-05-23,"Spring",26.3611111111111,1.30630614903478,7.82484569102686
"The Hobbit: An Unexpected Journey",8212,7033,1179,8212,0.856429615197272,101,84617303,303003568,27.9,4045,20918,"Dec 14, 2012","Warner Bros.",6.8,2012,"Adventure","Fantasy",2e+08,"7bf656a0-f271-30ce-b3a3-37688a69444f",3.58087007334658,2012-12-14,"Winter",32.75,1.52188895243005,9.01347354374019
"The Hobbit: The Battle of the Five Armies",2660,2012,648,2660,0.756390977443609,218,54724334,255119788,21.4,3.875,14122,"Dec 17, 2014","Warner Bros.",5.6,2014,"Adventure","Fantasy",2.5e+08,"92b1cdbc-d7f1-3217-970d-1fcb5c6cd248",4.66190758940986,2014-12-17,"Winter",47.0555555555556,1.73376086536433,7.88645727097769
"The Hobbit: The Desolation of Smaug",4485,3774,711,4485,0.841471571906354,126,73645197,258366855,28.5,3903,18868,"Dec 13, 2013","Warner Bros.",6.4,2013,"Adventure","Fantasy",2.5e+08,"92ced6d7-3257-3295-882e-dd6fd52457c4",3.50826483633413,2013-12-13,"Winter",32.7222222222222,1.5059123425296,8.40871671508015
"The Hunger Games",14517,12452,2065,14517,0.857752979265688,26,152535747,408010692,37.4,4137,36871,"Mar 23, 2012","Lionsgate",9.1,2012,"Action","Science Fiction",8e+07,"0bd9abe5-cfc5-3097-b95c-f53e046310c2",2.67485294447078,2012-03-23,"Spring",31.8333333333333,1.30151311675418,9.58314453784479
"The Hunger Games: Catching Fire",5055,4679,376,5055,0.925618199802176,23,158074286,424668047,37.2,4163,37971,"Nov 22, 2013","Lionsgate",7.3,2013,"Adventure","Science Fiction",1.3e+08,"d3a4cc97-51da-38d6-b51d-b84c4c425b99",2.68650934788976,2013-11-22,"Autumn",25.5555555555556,1.30468003415296,8.52833093582669
"The Hunger Games: Mockingjay, Part 1",2707,1932,775,2707,0.713705208718138,50,121897634,337135885,36.2,4151,29365,"Nov 21, 2014","Lionsgate",7.3,2014,"Action","Science Fiction",1.25e+08,"45cd362d-6a2d-3534-8b89-6cd0a86ab925",2.76572952187079,2014-11-21,"Autumn",27.3888888888889,1.32594160659112,7.90396563403217
"The Hunger Games: Mockingjay, Part 2",1696,1133,563,1696,0.668042452830189,71,102665981,281723902,36.4,4175,24590,"Nov 20, 2015","Lionsgate",6.1,2015,"Action","Science Fiction",1.6e+08,"9490ee80-dd55-3bb1-8e05-4b30c6b3606f",2.74408230706917,2015-11-20,"Autumn",24.6944444444444,1.32017654209945,7.43661726523423
"The Hunger Games: The Ballad of Songbirds & Snakes",3121,2521,600,3121,0.807753925024031,293,44607143,166350594,26.8,3.776,11813,"Nov 17, 2023","Lionsgate",6.9,2023,"Action","Science Fiction",1e+08,"79e469fc-8455-3efb-947a-9c00eb69ab0b",3.72923668301285,2023-11-17,"Autumn",34.1111111111111,1.55376381168249,8.04622910107538
"The Incredible Hulk",20365,18493,1872,20365,0.908077584090351,209,55414050,134806913,41.1,3.505,15810,"Jun 13, 2008","Universal Pictures",5,2008,"Adventure","Super Hero",137500000,"8061ee78-2e4d-3285-922d-c6a107a0c32a",2.43272081719347,2008-06-13,"Summer",24.2777777777778,1.23335318789263,9.92162212273161
"The Incredibles",235,226,9,235,0.961702127659574,136,70467623,261441092,0.27,3933,17917,"Nov 5, 2004","Walt Disney Studios Motion Pictures",8.3,2004,"Adventure","Super Hero",9.2e+07,"9ddacc49-1918-3722-b5d9-4a1fa6b9b2a3",3.71008813508581,2004-11-05,"Autumn",32.6111111111111,1.5497066201857,5.46383180502561
"The Jungle Book",2155,1985,170,2155,0.921113689095128,67,103261464,364001123,28.4,4028,25635,"Apr 15, 2016","Walt Disney Studios Motion Pictures",8.1,2016,"Adventure","Fantasy",1.75e+08,"a36c4dfb-9dc2-3382-ba73-0ab2553fb57b",3.52504321457228,2016-04-15,"Spring",24.7222222222222,1.50962712728801,7.67600993202889
"The Karate Kid",5096,4529,567,5096,0.888736263736264,207,55665805,176591618,31.5,3.663,15196,"Jun 11, 2010","Sony Pictures Releasing",5.7,2010,"Action","Contemporary Fiction",4e+07,"f48ba4a1-09e4-3506-a7cc-0dee7e22ac7d",3.17235361996472,2010-06-11,"Summer",29.3611111111111,1.42848029384492,8.53640741034004
"The Last Airbender",5330,2111,3219,5330,0.396060037523452,333,40325019,131772187,30.6,3169,12724,"Jul 1, 2010","Paramount Pictures",4.6,2010,"Adventure","Fantasy",1.5e+08,"1a70a698-e026-3b6d-847d-394023c83f0f",3.267752632677,2010-07-01,"Summer",29.1388888888889,1.45108737315558,8.58129411682276
"The LEGO Batman Movie",1167,1024,143,1167,0.877463581833762,233,53003468,175750384,30.2,4.088,12965,"Feb 10, 2017","Warner Bros.",6.5,2017,"Adventure","Kids Fiction",8e+07,"63ccb184-5e57-33d2-889d-6dbc482d925f",3.31582801336697,2017-02-10,"Winter",32.8611111111111,1.46228919798444,7.06304816338817
"The LEGO Movie",4349,3985,364,4349,0.916302598298459,145,69050279,257760692,26.8,3775,18291,"Feb 7, 2014","Warner Bros.",8.4,2014,"Adventure","Kids Fiction",6e+07,"421ddfb0-1b0c-3130-a157-ae321ce6d6aa",3.73294207833686,2014-02-07,"Winter",29.1111111111111,1.55454701301632,8.37793112408273
"The Lion King",19325,15917,3408,19325,0.823648124191462,9,191770759,543638043,35.3,4725,40586,"Jul 19, 2019","Walt Disney Studios Motion Pictures",8.5,2019,"Adventure","Kids Fiction",2.6e+08,"9057c2cf-7cab-317f-876f-e50b245ca76e",2.83483282766796,2019-07-19,"Summer",30.1666666666667,1.34412584264822,9.86920661855925
"The Little Mermaid",15380,10619,4761,15380,0.690442132639792,79,95578040,298172056,0.32,432,22124,"May 26, 2023","Walt Disney Studios Motion Pictures",6.7,2023,"Musical","Kids Fiction",2.5e+08,"57fc418a-fde1-3529-ba22-8f281d298574",3.11967117132764,2023-05-26,"Spring",33.0277777777778,1.41577334739167,9.64088826045181
"The Longest Yard",84,63,21,84,0.75,267,47606480,158119460,30.1,3.634,13100,"May 27, 2005","Paramount Pictures",6.3,2005,"Comedy","Contemporary Fiction",8.2e+07,"75bfd275-7ee2-38e5-b25b-f5fc79e506de",3.32138523999254,2005-05-27,"Spring",28.0277777777778,1.4635760082621,4.44265125649032
"The Martian",3565,3270,295,3565,0.917251051893408,226,54308575,228433663,23.8,3.831,14176,"Oct 2, 2015","Twentieth Century Fox",8.3,2015,"Adventure","Science Fiction",1.08e+08,"a969b4b7-3054-3020-a50b-7a710dc9a73a",4.20621721339586,2015-10-02,"Autumn",27.9722222222222,1.64985352936617,8.17919979842309
"The Marvels",7030,5208,1822,7030,0.740825035561878,280,46110859,84500223,54.6,4.03,11441,"Nov 10, 2023","Walt Disney Studios Motion Pictures",4.1,2023,"Adventure","Super Hero",2.7e+08,"10b522a5-873e-3e15-bd8b-65a079ab0b09",1.83254497601097,2023-11-10,"Autumn",25.5,1.04117559235035,8.85808422219916
"The Meg",1400,925,475,1400,0.660714285714286,285,45402195,145443742,31.2,4.118,11025,"Aug 10, 2018","Warner Bros.",6.5,2018,"Action","Science Fiction",1.78e+08,"33ae61f1-1fe0-3df8-a20b-273e10aadaab",3.20345177143968,2018-08-10,"Summer",29.3055555555556,1.43590603809803,7.24494154633701
"The Mummy: Tomb of the Dragon Emperor",9195,4801,4394,9195,0.522131593257205,330,40457770,102491776,39.5,376,10760,"Aug 1, 2008","Universal Pictures",4.7,2008,"Adventure","Fantasy",1.75e+08,"7480730b-820e-3d15-a421-c2c072f01920",2.53330265113475,2008-08-01,"Summer",26.9722222222222,1.2622330287711,9.12652388588307
"The Nun",1197,556,641,1197,0.464494569757728,228,53807379,117450119,45.8,3.876,13882,"Sep 7, 2018","Warner Bros.",5.1,2018,"Horror","Contemporary Fiction",2.2e+07,"b57b9ed7-0029-3dde-b395-a8ef6825d996",2.18278833094621,2018-09-07,"Autumn",23.1111111111111,1.15775764622893,7.0884087786754
"The Passion of the Christ",341,280,61,341,0.821114369501466,103,83848082,370274604,22.6,3043,27554,"Feb 25, 2004","Newmarket Films",10.5,2004,"Drama","Dramatization",2.5e+07,"4de52a14-8fff-365c-9e1d-e5753d7601ae",4.4160175780765,2004-02-25,"Winter",33.0277777777778,1.68936078118752,5.8348107370626
"The Peanuts Movie",622,545,77,622,0.87620578778135,296,44213073,130178411,0.3,3.897,11345,"Nov 6, 2015","Twentieth Century Fox",5.9,2015,"Adventure","Kids Fiction",9.9e+07,"8d45d52e-0d88-367d-b937-fa6a55e5313d",2.94434207276205,2015-11-06,"Autumn",25,1.37228216542409,6.43454651878745
"The Secret Life of Pets",1497,1013,484,1497,0.676686706746827,66,104352905,368623860,28.3,437,23879,"Jul 8, 2016","Universal Pictures",8.1,2016,"Adventure","Kids Fiction",7.5e+07,"3f191729-56b1-31c7-ab26-eae017888cce",3.5324733892171,2016-07-08,"Summer",37.8055555555556,1.51126779252475,7.31188616407716
"The Secret Life of Pets 2",3918,3569,349,3918,0.910923940786115,274,46652680,158980250,29.3,4.561,10228,"Jun 7, 2019","Universal Pictures",5.7,2019,"Adventure","Kids Fiction",8e+07,"9c18a32e-7c1e-334b-bb96-5cf1bbaac17d",3.40774099151431,2019-06-07,"Summer",44.4722222222222,1.48336231139338,8.27359179819963
"The Simpsons Movie",36047,31225,4822,36047,0.866230199461814,124,74036787,183135014,40.4,3922,18877,"Jul 27, 2007","Twentieth Century Fox",6,2007,"Adventure","Contemporary Fiction",72500000,"b58e6514-77cb-3bb0-94e0-738ee00f6340",2.4735678224394,2007-07-27,"Summer",26.1388888888889,1.24518225663727,10.492606662672
"The SpongeBob Movie: Sponge Out of Water",837,545,292,837,0.651135005973716,210,55365012,162994032,0.3,3.641,15205,"Feb 6, 2015","Paramount Pictures",7,2015,"Adventure","Kids Fiction",7.4e+07,"ab4c2ecb-67f3-357d-ab2d-e5aa0539a366",2.94398982519863,2015-02-06,"Winter",21.0555555555556,1.37219285691927,6.73101810048208
"The Super Mario Bros. Movie",20370,19638,732,20370,0.964064801178203,31,146361865,574934330,25.5,4343,33700,"Apr 5, 2023","Universal Pictures",9.2,2023,"Adventure","Kids Fiction",1e+08,"fb281f3f-c572-37fb-ab30-3b0ee07d8454",3.92817029217276,2023-04-05,"Spring",36.0555555555556,1.59496778167572,9.92186759981756
"The Twilight Saga: Breaking Dawn Part 1",3877,2432,1445,3877,0.62728914108847,36,138122261,281287133,49.1,4061,34011,"Nov 18, 2011","Summit Entertainment",6.1,2011,"Drama","Fantasy",127500000,"e2df6792-6d4f-3931-9d4a-ac5efd6559e0",2.03650831490515,2011-11-18,"Autumn",27.3611111111111,1.11070827467058,8.2630748358026
"The Twilight Saga: Breaking Dawn Part 2",3722,2849,873,3722,0.765448683503493,35,141067634,292324737,48.3,407,34660,"Nov 16, 2012","Lionsgate",5.9,2012,"Drama","Fantasy",136200000,"c81d2533-aa7e-3f69-afb9-6c683bc64eb3",2.0722310902301,2012-11-16,"Autumn",23.0833333333333,1.12240403714047,8.22228507387272
"The Twilight Saga: Eclipse",8292,6268,2024,8292,0.755909310178485,165,64832191,300531751,21.6,4468,14510,"Jun 30, 2010","Summit Entertainment",5.5,2010,"Drama","Fantasy",6.8e+07,"436b5ba4-8324-32e6-a477-6115af686000",4.63553284818031,2010-06-30,"Summer",29.5,1.72909170347909,9.0231670644512
"The Twilight Saga: New Moon",16199,12145,4054,16199,0.74973763812581,34,142839137,296623634,48.2,4024,35496,"Nov 20, 2009","Summit Entertainment",6.5,2009,"Drama","Fantasy",5e+07,"75737c37-5c36-3c46-bae9-d604e7a27df9",2.07662717816616,2009-11-20,"Autumn",23.8055555555556,1.12383392493205,9.69276652122048
"The Village",272,170,102,272,0.625,245,50746142,114197520,44.4,3.73,13604,"Jul 30, 2004","Walt Disney Studios Motion Pictures",4.6,2004,"Thriller","Contemporary Fiction",71682975,"77818389-2969-3bc5-be9a-d7224e4cf61e",2.2503685107727,2004-07-30,"Summer",22.75,1.17876837784378,5.60947179518496
"The Vow",1578,1161,417,1578,0.73574144486692,320,41202458,125014030,33,2958,13929,"Feb 10, 2012","Screen Gems",6.5,2012,"Drama","Historical Fiction",3e+07,"de271fb8-c5d7-3cee-8622-b109e49aa4f7",3.03414009911739,2012-02-10,"Winter",24.1111111111111,1.3947931685069,7.36454701425564
"The Wolverine",3153,2509,644,3153,0.795750079289566,232,53113752,132556852,40.1,3.924,13535,"Jul 26, 2013","Twentieth Century Fox",4.7,2013,"Action","Super Hero",1.15e+08,"b301b885-1a2f-381f-a101-ce51ddaad5d3",2.49571621300638,2013-07-26,"Summer",25.0555555555556,1.2515382797291,8.05642676752298
"Thor",7720,6743,977,7720,0.873445595854922,159,65723338,181030624,36.3,3955,16617,"May 6, 2011","Paramount Pictures",5.7,2011,"Action","Super Hero",1.5e+08,"74485c7b-8cec-3370-9b67-f5b17d46450c",2.75443441414981,2011-05-06,"Spring",24.2222222222222,1.32293765180749,8.95169916830882
"Thor: Love and Thunder",11383,7476,3907,11383,0.656768865852587,33,144165107,343256830,0.42,4375,32952,"Jul 8, 2022","Walt Disney Studios Motion Pictures",7.7,2022,"Action","Super Hero",2.5e+08,"0e71cf84-e236-3ed7-9d91-3df34e6b2fae",2.38099799003375,2022-07-08,"Summer",24.8333333333333,1.21817092923688,9.33996413976969
"Thor: Ragnarok",3260,2702,558,3260,0.828834355828221,49,122744989,315058289,0.39,408,30084,"Nov 3, 2017","Walt Disney Studios Motion Pictures",6.5,2017,"Action","Super Hero",1.8e+08,"a5e462a4-3e04-3db8-8fc4-46ad1144edc7",2.56677108830895,2017-11-03,"Autumn",22.7777777777778,1.27166072946715,8.08978917578932
"Thor: The Dark World",2994,2646,348,2994,0.88376753507014,97,85737841,206362140,41.6,3841,22321,"Nov 8, 2013","Walt Disney Studios Motion Pictures",6.2,2013,"Action","Super Hero",1.5e+08,"6f0cd05c-4a2d-3f04-8c29-144523fd4db7",2.40689685666333,2013-11-08,"Autumn",24.7222222222222,1.22580186427379,8.00469951054955
"Top Gun: Maverick",35906,35463,443,35906,0.987662229153902,45,126707459,718732821,17.6,4735,26759,"May 27, 2022","Paramount Pictures",14.6,2022,"Action","Contemporary Fiction",1.77e+08,"db97d08b-0855-3d42-890f-829fddbdb1fa",5.67237972154425,2022-05-27,"Spring",40.9166666666667,1.89797657613846,10.4886875415415
"Toy Story 3",11843,11522,321,11843,0.972895381237862,60,110307189,415004880,26.6,4028,27385,"Jun 18, 2010","Walt Disney Studios Motion Pictures",8.4,2010,"Adventure","Kids Fiction",2e+08,"9ca85aae-f704-379e-a1ea-26990e4ddf83",3.76226503242685,2010-06-18,"Summer",32,1.56072340221248,9.37957668922148
"Toy Story 4",10951,10046,905,10951,0.917359145283536,52,120908065,434038008,27.9,4575,26427,"Jun 21, 2019","Walt Disney Studios Motion Pictures",8.3,2019,"Adventure","Kids Fiction",2e+08,"e0b25a6e-2d4f-3688-af28-49df978f4a94",3.5898184955652,2019-06-21,"Summer",34.0555555555556,1.52384047984074,9.30127736696828
"Transformers",103385,95732,7653,103385,0.925975721816511,135,70502384,319246193,22.1,4011,17577,"Jul 3, 2007","DreamWorks",6.4,2007,"Action","Science Fiction",1.51e+08,"c7627c95-c824-36eb-9226-12fd6841081b",4.52816167180957,2007-07-03,"Summer",33.3611111111111,1.70985533202352,11.5462248353712
"Transformers: Age of Extinction",4242,2159,2083,4242,0.508958038661009,73,100038390,245439076,40.8,4233,23632,"Jun 27, 2014","Paramount Pictures",5.2,2014,"Action","Science Fiction",2.1e+08,"bc87bf95-9fb3-3506-9ced-191794d7bc16",2.45344888097459,2014-06-27,"Summer",25.4166666666667,1.23937340734514,8.35302584520232
"Transformers: Dark of the Moon",9660,6587,3073,9660,0.681884057971014,76,97852865,352390543,27.8,4088,23936,"Jun 29, 2011","DreamWorks",5.7,2011,"Action","Science Fiction",1.95e+08,"9553f05e-0c05-38bf-895f-dc430a4cd09b",3.60122867123001,2011-06-29,"Summer",32.9722222222222,1.52632337027085,9.17585244151751
"Transformers: Revenge of the Fallen",30584,23319,7265,30584,0.76245749411457,61,108966307,402111870,27.1,4234,25736,"Jun 24, 2009","DreamWorks",6.7,2009,"Action","Science Fiction",2.1e+08,"2a2f1348-e952-3df8-b6f0-01ab161718dd",3.69024041532398,2009-06-24,"Summer",31.7222222222222,1.54548384240748,10.3282649716767
"Transformers: Rise of the Beasts",5061,4471,590,5061,0.883422248567477,177,61045464,157341749,38.8,3.678,16597,"Jun 9, 2023","Paramount Pictures",5.3,2023,"Action","Science Fiction",1.95e+08,"ce0d1ce3-bf02-3105-af7c-2d2303af81ec",2.57745192992554,2023-06-09,"Summer",26.6388888888889,1.27465079557987,8.52951694110507
"Transformers: The Last Knight",2121,1238,883,2121,0.583686940122584,292,44680073,130168683,34.3,4.069,10980,"Jun 21, 2017","Paramount Pictures",3.9,2017,"Action","Science Fiction",2.17e+08,"f4afdea4-1385-31da-9ca1-5e1814be5937",2.91334982823327,2017-06-21,"Summer",38.1388888888889,1.36439374077405,7.66011431917393
"Trolls",413,330,83,413,0.799031476997579,277,46581142,153856089,30.3,4.06,11473,"Nov 4, 2016","Twentieth Century Fox",6.4,2016,"Adventure","Kids Fiction",1.25e+08,"af0e345f-abcd-3031-845e-fab0e712abc1",3.3029694505987,2016-11-04,"Autumn",32.3333333333333,1.45930535427251,6.02586597382531
"Tron: Legacy",8926,6933,1993,8926,0.776719695272238,298,44026211,172062763,25.6,3.451,12757,"Dec 17, 2010","Walt Disney Studios Motion Pictures",6.4,2010,"Adventure","Science Fiction",2e+08,"e1f277e4-97ce-3f45-a279-dc18aeb132fa",3.90818921482932,2010-12-17,"Winter",36.9722222222222,1.59090507843426,9.09683567117936
"Troy",242,182,60,242,0.752066115702479,273,46865412,133378256,35.1,3.411,13739,"May 14, 2004","Warner Bros.",5.5,2004,"Action","Historical Fiction",1.5e+08,"6badf2a0-db3a-3a5b-bb06-94732f24c209",2.84598492380692,2004-05-14,"Spring",28.1111111111111,1.34702972719191,5.49306144334055
"Twilight",26781,22271,4510,26781,0.83159702774355,141,69637740,192769854,36.1,3419,20367,"Nov 21, 2008","Summit Entertainment",7.3,2008,"Drama","Fantasy",3.7e+07,"f7c1241b-a47b-386f-b476-f1991e5278a7",2.76818078817607,2008-11-21,"Autumn",36.5833333333333,1.32659233543999,10.1954852990555
"Tyler Perry's Madea Goes to Jail",5,5,0,5,1,324,41030947,90508336,45.3,2032,20192,"Feb 20, 2009","Lionsgate",5.7,2009,"Comedy","Contemporary Fiction",17500000,"9ce15d13-f015-3659-b164-a80cfaef6a2f",2.20585539982784,2009-02-20,"Winter",23.8888888888889,1.16497895018449,1.79175946922805
"Uncharted",4088,3615,473,4088,0.884295499021526,299,44010155,148648820,29.6,4.275,10294,"Feb 18, 2022","Sony Pictures Releasing",7.8,2022,"Adventure","Contemporary Fiction",1.2e+08,"957b20be-2056-3318-9e77-1c7fef3aca9b",3.37760273736823,2022-02-18,"Winter",29.1944444444444,1.4765012543184,8.31605572036464
"Up",19713,18720,993,19713,0.949627149596713,147,68108790,293004164,23.2,3766,18085,"May 29, 2009","Walt Disney Studios Motion Pictures",7.8,2009,"Adventure","Contemporary Fiction",1.75e+08,"2d49ba33-54d4-337c-9f27-f05a9349ed12",4.30200219384311,2009-05-29,"Spring",34.3888888888889,1.66808452164327,9.88908432222538
"Us",3179,1689,1490,3179,0.531299150676313,131,71117625,175084580,40.6,3741,19010,"Mar 22, 2019","Universal Pictures",5,2019,"Horror","Contemporary Fiction",4500000,"9468d7f0-a6e6-3e85-b973-571392b1b173",2.46190139223575,2019-03-22,"Spring",28.9166666666667,1.24181797345864,8.06463647577422
"Van Helsing",195,97,98,195,0.497435897435897,240,51748040,120177084,43.1,3.575,14474,"May 7, 2004","Universal Pictures",5.2,2004,"Action","Historical Fiction",1.7e+08,"ce39bd95-a33d-3d51-a691-62bf4efbd0fb",2.32235045037455,2004-05-07,"Spring",26.1666666666667,1.20067249941828,5.27811465923052
"Venom",8752,7898,854,8752,0.902422303473492,109,80255756,213515506,37.6,425,18883,"Oct 5, 2018","Sony Pictures Releasing",5.8,2018,"Action","Super Hero",1.16e+08,"51cc1ea1-ddaa-3bae-94ae-bb4ff539f815",2.66043853602226,2018-10-05,"Autumn",26.8333333333333,1.29758295882092,9.07715177773244
"WALL-E",30769,29341,1428,30769,0.953589651922389,167,63087526,223808164,28.2,3992,15803,"Jun 27, 2008","Walt Disney Studios Motion Pictures",7.8,2008,"Adventure","Science Fiction",1.8e+08,"4c42565e-9037-38bb-974f-d24395df2f1e",3.54758187854759,2008-06-27,"Summer",29.5277777777778,1.51459563642619,10.3342954683161
"Wanted",21852,18437,3415,21852,0.843721398498993,243,50927085,134508551,37.9,3.175,16040,"Jun 27, 2008","Universal Pictures",5.1,2008,"Action","Science Fiction",7.5e+07,"5c4f82c8-eb8d-3b49-a249-73037cd412ea",2.64119870595382,2008-06-27,"Summer",25.3055555555556,1.2923129422589,9.99209349087015
"War for the Planet of the Apes",1434,1090,344,1434,0.760111576011158,200,56262929,146880162,38.3,4.022,13988,"Jul 14, 2017","Twentieth Century Fox",5.4,2017,"Action","Science Fiction",1.52e+08,"58230728-f14f-3d9d-8163-c42f77862c12",2.61060283583885,2017-07-14,"Summer",26.0833333333333,1.2838747489405,7.26892012819372
"War of the Worlds",511,372,139,511,0.7279843444227,164,64878725,234280354,27.7,3908,16601,"Jun 29, 2005","Paramount Pictures",6.1,2005,"Action","Science Fiction",1.32e+08,"15b384f3-7702-385e-8712-91245fd95dcd",3.61105052542263,2005-06-29,"Summer",28.9444444444444,1.52845571074914,6.23832462503951
"Watchmen",26999,20737,6262,26999,0.768065483906811,212,55214334,107509799,51.4,3.611,15290,"Mar 6, 2009","Warner Bros.",4.2,2009,"Action","Super Hero",1.38e+08,"13905397-4673-3e05-954d-8840645bebc2",1.9471356658943,2009-03-06,"Spring",22.0833333333333,1.08083373795022,10.2035921449865
"Wonder Woman",6064,5343,721,6064,0.881101583113456,68,103251471,412563408,0.25,4165,24790,"Jun 2, 2017","Warner Bros.",9.3,2017,"Action","Super Hero",1.5e+08,"23d9f355-c290-3b60-8534-543bcf5656fd",3.99571457921408,2017-06-02,"Summer",42.8611111111111,1.60858046077029,8.71028982137815
"World War Z",5477,4580,897,5477,0.836224210334125,155,66411834,202359711,32.8,3607,18411,"Jun 21, 2013","Paramount Pictures",5.9,2013,"Action","Science Fiction",1.9e+08,"e45b590c-a25b-3103-93d5-fbe973842f7b",3.04704295622976,2013-06-21,"Summer",26.6388888888889,1.39798648017635,8.60849534982302
"Wreck-It Ralph",3829,3659,170,3829,0.955601984852442,257,49038712,189422889,25.9,3.752,13070,"Nov 2, 2012","Walt Disney Studios Motion Pictures",8.5,2012,"Adventure","Kids Fiction",1.65e+08,"c374e93f-ecc0-3761-a61f-ce4aeb0aebdc",3.86272153722145,2012-11-02,"Autumn",30.4166666666667,1.58159826826075,8.25062008217469
"X-Men Origins: Wolverine",21931,17181,4750,21931,0.78341160913775,100,85058003,179883157,47.3,4099,20750,"May 1, 2009","Twentieth Century Fox",5.4,2009,"Action","Super Hero",1.5e+08,"be9015ce-2963-35a2-947a-e0eef5559f2a",2.11482930065969,2009-05-01,"Spring",26.6666666666667,1.13617435159172,9.99570203652394
"X-Men: Apocalypse",2352,1837,515,2352,0.781037414965986,158,65769562,155442489,42.3,415,15848,"May 27, 2016","Twentieth Century Fox",4.2,2016,"Action","Super Hero",1.78e+08,"d488fd46-e82f-3d2d-8efd-738dc597172f",2.36344114622506,2016-05-27,"Spring",26.7222222222222,1.21296460055284,7.76344638872736
"X-Men: Days of Future Past",4522,4301,221,4522,0.951127819548872,89,90823660,233921534,38.8,3996,22728,"May 23, 2014","Twentieth Century Fox",6,2014,"Action","Super Hero",2e+08,"1a3f1ed9-4b7a-3579-8e93-b6aabc7d627a",2.57555722814958,2014-05-23,"Spring",22,1.27412103201368,8.41693076947784
"X-Men: First Class",8873,8283,590,8873,0.933506142229235,213,55101604,146408305,37.6,3.641,15133,"Jun 3, 2011","Twentieth Century Fox",4.8,2011,"Action","Super Hero",1.6e+08,"7f605414-22e0-3e06-8ae0-bda0fc44b24e",2.65706067286172,2011-06-03,"Summer",21.75,1.29665972991332,9.09088093193886
"X-Men: The Last Stand",4557,3933,624,4557,0.863067807768269,69,102750665,234362462,43.8,369,27845,"May 26, 2006","Twentieth Century Fox",5.6,2006,"Action","Super Hero",2.1e+08,"5e217d95-f4e4-3d19-b5f8-5147af589977",2.28088511154648,2006-05-26,"Spring",22.1111111111111,1.18811323707404,8.42463920980563
"Zootopia",2780,2658,122,2780,0.956115107913669,122,75063401,341268248,0.22,3827,19614,"Mar 4, 2016","Walt Disney Studios Motion Pictures",9.8,2016,"Adventure","Kids Fiction",1.5e+08,"aec21e9b-16de-3ab4-83ce-5e36094ee689",4.54640002256226,2016-03-04,"Spring",31.2222222222222,1.71314907271405,7.93056585423396
